<?xml version="1.0" encoding="UTF-8"?>
<gpx version="1.1" creator="RunningAnalyzer"
  xmlns="http://www.topografix.com/GPX/1/1"
  xmlns:gpxtpx="http://www.garmin.com/xmlschemas/TrackPointExtension/v1">
<trk><name>Sample Pyramid Workout</name><trkseg>
  <trkpt lat="51.5075260" lon="-0.1278035">
    <ele>20.4</ele>
    <time>2024-01-15T07:00:00Z</time>
    <extensions>
      <gpxtpx:TrackPointExtension>
        <gpxtpx:hr>80</gpxtpx:hr>
      </gpxtpx:TrackPointExtension>
    </extensions>
  </trkpt>
  <trkpt lat="51.5076520" lon="-0.1278338">
    <ele>20.2</ele>
    <time>2024-01-15T07:00:05Z</time>
    <extensions>
      <gpxtpx:TrackPointExtension>
        <gpxtpx:hr>86</gpxtpx:hr>
      </gpxtpx:TrackPointExtension>
    </extensions>
  </trkpt>
  <trkpt lat="51.5077785" lon="-0.1278314">
    <ele>20.8</ele>
    <time>2024-01-15T07:00:10Z</time>
    <extensions>
      <gpxtpx:TrackPointExtension>
        <gpxtpx:hr>90</gpxtpx:hr>
      </gpxtpx:TrackPointExtension>
    </extensions>
  </trkpt>
  <trkpt lat="51.5078996" lon="-0.1278293">
    <ele>20.2</ele>
    <time>2024-01-15T07:00:15Z</time>
    <extensions>
      <gpxtpx:TrackPointExtension>
        <gpxtpx:hr>94</gpxtpx:hr>
      </gpxtpx:TrackPointExtension>
    </extensions>
  </trkpt>
  <trkpt lat="51.5080232" lon="-0.1278033">
    <ele>20.7</ele>
    <time>2024-01-15T07:00:20Z</time>
    <extensions>
      <gpxtpx:TrackPointExtension>
        <gpxtpx:hr>97</gpxtpx:hr>
      </gpxtpx:TrackPointExtension>
    </extensions>
  </trkpt>
  <trkpt lat="51.5081451" lon="-0.1278317">
    <ele>21.0</ele>
    <time>2024-01-15T07:00:25Z</time>
    <extensions>
      <gpxtpx:TrackPointExtension>
        <gpxtpx:hr>100</gpxtpx:hr>
      </gpxtpx:TrackPointExtension>
    </extensions>
  </trkpt>
  <trkpt lat="51.5082650" lon="-0.1278364">
    <ele>21.0</ele>
    <time>2024-01-15T07:00:30Z</time>
    <extensions>
      <gpxtpx:TrackPointExtension>
        <gpxtpx:hr>104</gpxtpx:hr>
      </gpxtpx:TrackPointExtension>
    </extensions>
  </trkpt>
  <trkpt lat="51.5083854" lon="-0.1278579">
    <ele>20.6</ele>
    <time>2024-01-15T07:00:35Z</time>
    <extensions>
      <gpxtpx:TrackPointExtension>
        <gpxtpx:hr>107</gpxtpx:hr>
      </gpxtpx:TrackPointExtension>
    </extensions>
  </trkpt>
  <trkpt lat="51.5085294" lon="-0.1278719">
    <ele>21.5</ele>
    <time>2024-01-15T07:00:40Z</time>
    <extensions>
      <gpxtpx:TrackPointExtension>
        <gpxtpx:hr>108</gpxtpx:hr>
      </gpxtpx:TrackPointExtension>
    </extensions>
  </trkpt>
  <trkpt lat="51.5086505" lon="-0.1278957">
    <ele>21.1</ele>
    <time>2024-01-15T07:00:45Z</time>
    <extensions>
      <gpxtpx:TrackPointExtension>
        <gpxtpx:hr>111</gpxtpx:hr>
      </gpxtpx:TrackPointExtension>
    </extensions>
  </trkpt>
  <trkpt lat="51.5087762" lon="-0.1279016">
    <ele>21.7</ele>
    <time>2024-01-15T07:00:50Z</time>
    <extensions>
      <gpxtpx:TrackPointExtension>
        <gpxtpx:hr>113</gpxtpx:hr>
      </gpxtpx:TrackPointExtension>
    </extensions>
  </trkpt>
  <trkpt lat="51.5088974" lon="-0.1278948">
    <ele>21.8</ele>
    <time>2024-01-15T07:00:55Z</time>
    <extensions>
      <gpxtpx:TrackPointExtension>
        <gpxtpx:hr>116</gpxtpx:hr>
      </gpxtpx:TrackPointExtension>
    </extensions>
  </trkpt>
  <trkpt lat="51.5090266" lon="-0.1279097">
    <ele>21.9</ele>
    <time>2024-01-15T07:01:00Z</time>
    <extensions>
      <gpxtpx:TrackPointExtension>
        <gpxtpx:hr>117</gpxtpx:hr>
      </gpxtpx:TrackPointExtension>
    </extensions>
  </trkpt>
  <trkpt lat="51.5091533" lon="-0.1278621">
    <ele>21.6</ele>
    <time>2024-01-15T07:01:05Z</time>
    <extensions>
      <gpxtpx:TrackPointExtension>
        <gpxtpx:hr>117</gpxtpx:hr>
      </gpxtpx:TrackPointExtension>
    </extensions>
  </trkpt>
  <trkpt lat="51.5092738" lon="-0.1278346">
    <ele>22.3</ele>
    <time>2024-01-15T07:01:10Z</time>
    <extensions>
      <gpxtpx:TrackPointExtension>
        <gpxtpx:hr>119</gpxtpx:hr>
      </gpxtpx:TrackPointExtension>
    </extensions>
  </trkpt>
  <trkpt lat="51.5093906" lon="-0.1278363">
    <ele>22.0</ele>
    <time>2024-01-15T07:01:15Z</time>
    <extensions>
      <gpxtpx:TrackPointExtension>
        <gpxtpx:hr>119</gpxtpx:hr>
      </gpxtpx:TrackPointExtension>
    </extensions>
  </trkpt>
  <trkpt lat="51.5095100" lon="-0.1278640">
    <ele>22.3</ele>
    <time>2024-01-15T07:01:20Z</time>
    <extensions>
      <gpxtpx:TrackPointExtension>
        <gpxtpx:hr>120</gpxtpx:hr>
      </gpxtpx:TrackPointExtension>
    </extensions>
  </trkpt>
  <trkpt lat="51.5096372" lon="-0.1278493">
    <ele>23.1</ele>
    <time>2024-01-15T07:01:25Z</time>
    <extensions>
      <gpxtpx:TrackPointExtension>
        <gpxtpx:hr>121</gpxtpx:hr>
      </gpxtpx:TrackPointExtension>
    </extensions>
  </trkpt>
  <trkpt lat="51.5097585" lon="-0.1278611">
    <ele>22.3</ele>
    <time>2024-01-15T07:01:30Z</time>
    <extensions>
      <gpxtpx:TrackPointExtension>
        <gpxtpx:hr>122</gpxtpx:hr>
      </gpxtpx:TrackPointExtension>
    </extensions>
  </trkpt>
  <trkpt lat="51.5098780" lon="-0.1278720">
    <ele>22.8</ele>
    <time>2024-01-15T07:01:35Z</time>
    <extensions>
      <gpxtpx:TrackPointExtension>
        <gpxtpx:hr>122</gpxtpx:hr>
      </gpxtpx:TrackPointExtension>
    </extensions>
  </trkpt>
  <trkpt lat="51.5100078" lon="-0.1278782">
    <ele>22.4</ele>
    <time>2024-01-15T07:01:40Z</time>
    <extensions>
      <gpxtpx:TrackPointExtension>
        <gpxtpx:hr>121</gpxtpx:hr>
      </gpxtpx:TrackPointExtension>
    </extensions>
  </trkpt>
  <trkpt lat="51.5101366" lon="-0.1278695">
    <ele>22.8</ele>
    <time>2024-01-15T07:01:45Z</time>
    <extensions>
      <gpxtpx:TrackPointExtension>
        <gpxtpx:hr>123</gpxtpx:hr>
      </gpxtpx:TrackPointExtension>
    </extensions>
  </trkpt>
  <trkpt lat="51.5102601" lon="-0.1278662">
    <ele>23.2</ele>
    <time>2024-01-15T07:01:50Z</time>
    <extensions>
      <gpxtpx:TrackPointExtension>
        <gpxtpx:hr>125</gpxtpx:hr>
      </gpxtpx:TrackPointExtension>
    </extensions>
  </trkpt>
  <trkpt lat="51.5103835" lon="-0.1278863">
    <ele>23.2</ele>
    <time>2024-01-15T07:01:55Z</time>
    <extensions>
      <gpxtpx:TrackPointExtension>
        <gpxtpx:hr>127</gpxtpx:hr>
      </gpxtpx:TrackPointExtension>
    </extensions>
  </trkpt>
  <trkpt lat="51.5105014" lon="-0.1278868">
    <ele>23.1</ele>
    <time>2024-01-15T07:02:00Z</time>
    <extensions>
      <gpxtpx:TrackPointExtension>
        <gpxtpx:hr>129</gpxtpx:hr>
      </gpxtpx:TrackPointExtension>
    </extensions>
  </trkpt>
  <trkpt lat="51.5106173" lon="-0.1278847">
    <ele>22.9</ele>
    <time>2024-01-15T07:02:05Z</time>
    <extensions>
      <gpxtpx:TrackPointExtension>
        <gpxtpx:hr>128</gpxtpx:hr>
      </gpxtpx:TrackPointExtension>
    </extensions>
  </trkpt>
  <trkpt lat="51.5107434" lon="-0.1278559">
    <ele>23.6</ele>
    <time>2024-01-15T07:02:10Z</time>
    <extensions>
      <gpxtpx:TrackPointExtension>
        <gpxtpx:hr>129</gpxtpx:hr>
      </gpxtpx:TrackPointExtension>
    </extensions>
  </trkpt>
  <trkpt lat="51.5108854" lon="-0.1278396">
    <ele>23.3</ele>
    <time>2024-01-15T07:02:15Z</time>
    <extensions>
      <gpxtpx:TrackPointExtension>
        <gpxtpx:hr>130</gpxtpx:hr>
      </gpxtpx:TrackPointExtension>
    </extensions>
  </trkpt>
  <trkpt lat="51.5110145" lon="-0.1278397">
    <ele>23.3</ele>
    <time>2024-01-15T07:02:20Z</time>
    <extensions>
      <gpxtpx:TrackPointExtension>
        <gpxtpx:hr>132</gpxtpx:hr>
      </gpxtpx:TrackPointExtension>
    </extensions>
  </trkpt>
  <trkpt lat="51.5111424" lon="-0.1278117">
    <ele>23.6</ele>
    <time>2024-01-15T07:02:25Z</time>
    <extensions>
      <gpxtpx:TrackPointExtension>
        <gpxtpx:hr>131</gpxtpx:hr>
      </gpxtpx:TrackPointExtension>
    </extensions>
  </trkpt>
  <trkpt lat="51.5112669" lon="-0.1278365">
    <ele>23.4</ele>
    <time>2024-01-15T07:02:30Z</time>
    <extensions>
      <gpxtpx:TrackPointExtension>
        <gpxtpx:hr>131</gpxtpx:hr>
      </gpxtpx:TrackPointExtension>
    </extensions>
  </trkpt>
  <trkpt lat="51.5113867" lon="-0.1278365">
    <ele>24.0</ele>
    <time>2024-01-15T07:02:35Z</time>
    <extensions>
      <gpxtpx:TrackPointExtension>
        <gpxtpx:hr>133</gpxtpx:hr>
      </gpxtpx:TrackPointExtension>
    </extensions>
  </trkpt>
  <trkpt lat="51.5115039" lon="-0.1278610">
    <ele>24.0</ele>
    <time>2024-01-15T07:02:40Z</time>
    <extensions>
      <gpxtpx:TrackPointExtension>
        <gpxtpx:hr>133</gpxtpx:hr>
      </gpxtpx:TrackPointExtension>
    </extensions>
  </trkpt>
  <trkpt lat="51.5116189" lon="-0.1278921">
    <ele>24.2</ele>
    <time>2024-01-15T07:02:45Z</time>
    <extensions>
      <gpxtpx:TrackPointExtension>
        <gpxtpx:hr>134</gpxtpx:hr>
      </gpxtpx:TrackPointExtension>
    </extensions>
  </trkpt>
  <trkpt lat="51.5117352" lon="-0.1278788">
    <ele>23.9</ele>
    <time>2024-01-15T07:02:50Z</time>
    <extensions>
      <gpxtpx:TrackPointExtension>
        <gpxtpx:hr>133</gpxtpx:hr>
      </gpxtpx:TrackPointExtension>
    </extensions>
  </trkpt>
  <trkpt lat="51.5118686" lon="-0.1278746">
    <ele>24.8</ele>
    <time>2024-01-15T07:02:55Z</time>
    <extensions>
      <gpxtpx:TrackPointExtension>
        <gpxtpx:hr>133</gpxtpx:hr>
      </gpxtpx:TrackPointExtension>
    </extensions>
  </trkpt>
  <trkpt lat="51.5119977" lon="-0.1278679">
    <ele>24.1</ele>
    <time>2024-01-15T07:03:00Z</time>
    <extensions>
      <gpxtpx:TrackPointExtension>
        <gpxtpx:hr>131</gpxtpx:hr>
      </gpxtpx:TrackPointExtension>
    </extensions>
  </trkpt>
  <trkpt lat="51.5121212" lon="-0.1278516">
    <ele>24.3</ele>
    <time>2024-01-15T07:03:05Z</time>
    <extensions>
      <gpxtpx:TrackPointExtension>
        <gpxtpx:hr>132</gpxtpx:hr>
      </gpxtpx:TrackPointExtension>
    </extensions>
  </trkpt>
  <trkpt lat="51.5122537" lon="-0.1278418">
    <ele>24.6</ele>
    <time>2024-01-15T07:03:10Z</time>
    <extensions>
      <gpxtpx:TrackPointExtension>
        <gpxtpx:hr>133</gpxtpx:hr>
      </gpxtpx:TrackPointExtension>
    </extensions>
  </trkpt>
  <trkpt lat="51.5123834" lon="-0.1278182">
    <ele>24.7</ele>
    <time>2024-01-15T07:03:15Z</time>
    <extensions>
      <gpxtpx:TrackPointExtension>
        <gpxtpx:hr>132</gpxtpx:hr>
      </gpxtpx:TrackPointExtension>
    </extensions>
  </trkpt>
  <trkpt lat="51.5125010" lon="-0.1278067">
    <ele>25.2</ele>
    <time>2024-01-15T07:03:20Z</time>
    <extensions>
      <gpxtpx:TrackPointExtension>
        <gpxtpx:hr>132</gpxtpx:hr>
      </gpxtpx:TrackPointExtension>
    </extensions>
  </trkpt>
  <trkpt lat="51.5126246" lon="-0.1278126">
    <ele>25.0</ele>
    <time>2024-01-15T07:03:25Z</time>
    <extensions>
      <gpxtpx:TrackPointExtension>
        <gpxtpx:hr>132</gpxtpx:hr>
      </gpxtpx:TrackPointExtension>
    </extensions>
  </trkpt>
  <trkpt lat="51.5127490" lon="-0.1278022">
    <ele>24.5</ele>
    <time>2024-01-15T07:03:30Z</time>
    <extensions>
      <gpxtpx:TrackPointExtension>
        <gpxtpx:hr>133</gpxtpx:hr>
      </gpxtpx:TrackPointExtension>
    </extensions>
  </trkpt>
  <trkpt lat="51.5128860" lon="-0.1277956">
    <ele>24.5</ele>
    <time>2024-01-15T07:03:35Z</time>
    <extensions>
      <gpxtpx:TrackPointExtension>
        <gpxtpx:hr>133</gpxtpx:hr>
      </gpxtpx:TrackPointExtension>
    </extensions>
  </trkpt>
  <trkpt lat="51.5130059" lon="-0.1277839">
    <ele>24.9</ele>
    <time>2024-01-15T07:03:40Z</time>
    <extensions>
      <gpxtpx:TrackPointExtension>
        <gpxtpx:hr>132</gpxtpx:hr>
      </gpxtpx:TrackPointExtension>
    </extensions>
  </trkpt>
  <trkpt lat="51.5131322" lon="-0.1278140">
    <ele>24.8</ele>
    <time>2024-01-15T07:03:45Z</time>
    <extensions>
      <gpxtpx:TrackPointExtension>
        <gpxtpx:hr>132</gpxtpx:hr>
      </gpxtpx:TrackPointExtension>
    </extensions>
  </trkpt>
  <trkpt lat="51.5132622" lon="-0.1278031">
    <ele>24.6</ele>
    <time>2024-01-15T07:03:50Z</time>
    <extensions>
      <gpxtpx:TrackPointExtension>
        <gpxtpx:hr>132</gpxtpx:hr>
      </gpxtpx:TrackPointExtension>
    </extensions>
  </trkpt>
  <trkpt lat="51.5133849" lon="-0.1277831">
    <ele>25.0</ele>
    <time>2024-01-15T07:03:55Z</time>
    <extensions>
      <gpxtpx:TrackPointExtension>
        <gpxtpx:hr>131</gpxtpx:hr>
      </gpxtpx:TrackPointExtension>
    </extensions>
  </trkpt>
  <trkpt lat="51.5135100" lon="-0.1277375">
    <ele>25.1</ele>
    <time>2024-01-15T07:04:00Z</time>
    <extensions>
      <gpxtpx:TrackPointExtension>
        <gpxtpx:hr>129</gpxtpx:hr>
      </gpxtpx:TrackPointExtension>
    </extensions>
  </trkpt>
  <trkpt lat="51.5136371" lon="-0.1277396">
    <ele>24.9</ele>
    <time>2024-01-15T07:04:05Z</time>
    <extensions>
      <gpxtpx:TrackPointExtension>
        <gpxtpx:hr>131</gpxtpx:hr>
      </gpxtpx:TrackPointExtension>
    </extensions>
  </trkpt>
  <trkpt lat="51.5137496" lon="-0.1277476">
    <ele>24.8</ele>
    <time>2024-01-15T07:04:10Z</time>
    <extensions>
      <gpxtpx:TrackPointExtension>
        <gpxtpx:hr>132</gpxtpx:hr>
      </gpxtpx:TrackPointExtension>
    </extensions>
  </trkpt>
  <trkpt lat="51.5138792" lon="-0.1277463">
    <ele>25.0</ele>
    <time>2024-01-15T07:04:15Z</time>
    <extensions>
      <gpxtpx:TrackPointExtension>
        <gpxtpx:hr>131</gpxtpx:hr>
      </gpxtpx:TrackPointExtension>
    </extensions>
  </trkpt>
  <trkpt lat="51.5140190" lon="-0.1277013">
    <ele>25.5</ele>
    <time>2024-01-15T07:04:20Z</time>
    <extensions>
      <gpxtpx:TrackPointExtension>
        <gpxtpx:hr>131</gpxtpx:hr>
      </gpxtpx:TrackPointExtension>
    </extensions>
  </trkpt>
  <trkpt lat="51.5141508" lon="-0.1276951">
    <ele>24.7</ele>
    <time>2024-01-15T07:04:25Z</time>
    <extensions>
      <gpxtpx:TrackPointExtension>
        <gpxtpx:hr>134</gpxtpx:hr>
      </gpxtpx:TrackPointExtension>
    </extensions>
  </trkpt>
  <trkpt lat="51.5142860" lon="-0.1277070">
    <ele>25.2</ele>
    <time>2024-01-15T07:04:30Z</time>
    <extensions>
      <gpxtpx:TrackPointExtension>
        <gpxtpx:hr>134</gpxtpx:hr>
      </gpxtpx:TrackPointExtension>
    </extensions>
  </trkpt>
  <trkpt lat="51.5144036" lon="-0.1277118">
    <ele>24.9</ele>
    <time>2024-01-15T07:04:35Z</time>
    <extensions>
      <gpxtpx:TrackPointExtension>
        <gpxtpx:hr>132</gpxtpx:hr>
      </gpxtpx:TrackPointExtension>
    </extensions>
  </trkpt>
  <trkpt lat="51.5145214" lon="-0.1277030">
    <ele>25.0</ele>
    <time>2024-01-15T07:04:40Z</time>
    <extensions>
      <gpxtpx:TrackPointExtension>
        <gpxtpx:hr>130</gpxtpx:hr>
      </gpxtpx:TrackPointExtension>
    </extensions>
  </trkpt>
  <trkpt lat="51.5146383" lon="-0.1276630">
    <ele>25.1</ele>
    <time>2024-01-15T07:04:45Z</time>
    <extensions>
      <gpxtpx:TrackPointExtension>
        <gpxtpx:hr>130</gpxtpx:hr>
      </gpxtpx:TrackPointExtension>
    </extensions>
  </trkpt>
  <trkpt lat="51.5147717" lon="-0.1276811">
    <ele>25.1</ele>
    <time>2024-01-15T07:04:50Z</time>
    <extensions>
      <gpxtpx:TrackPointExtension>
        <gpxtpx:hr>130</gpxtpx:hr>
      </gpxtpx:TrackPointExtension>
    </extensions>
  </trkpt>
  <trkpt lat="51.5148933" lon="-0.1276905">
    <ele>24.7</ele>
    <time>2024-01-15T07:04:55Z</time>
    <extensions>
      <gpxtpx:TrackPointExtension>
        <gpxtpx:hr>129</gpxtpx:hr>
      </gpxtpx:TrackPointExtension>
    </extensions>
  </trkpt>
  <trkpt lat="51.5150261" lon="-0.1276767">
    <ele>24.9</ele>
    <time>2024-01-15T07:05:00Z</time>
    <extensions>
      <gpxtpx:TrackPointExtension>
        <gpxtpx:hr>127</gpxtpx:hr>
      </gpxtpx:TrackPointExtension>
    </extensions>
  </trkpt>
  <trkpt lat="51.5151485" lon="-0.1276468">
    <ele>25.2</ele>
    <time>2024-01-15T07:05:05Z</time>
    <extensions>
      <gpxtpx:TrackPointExtension>
        <gpxtpx:hr>127</gpxtpx:hr>
      </gpxtpx:TrackPointExtension>
    </extensions>
  </trkpt>
  <trkpt lat="51.5152762" lon="-0.1276621">
    <ele>25.4</ele>
    <time>2024-01-15T07:05:10Z</time>
    <extensions>
      <gpxtpx:TrackPointExtension>
        <gpxtpx:hr>127</gpxtpx:hr>
      </gpxtpx:TrackPointExtension>
    </extensions>
  </trkpt>
  <trkpt lat="51.5153954" lon="-0.1276527">
    <ele>24.9</ele>
    <time>2024-01-15T07:05:15Z</time>
    <extensions>
      <gpxtpx:TrackPointExtension>
        <gpxtpx:hr>131</gpxtpx:hr>
      </gpxtpx:TrackPointExtension>
    </extensions>
  </trkpt>
  <trkpt lat="51.5155167" lon="-0.1276467">
    <ele>25.6</ele>
    <time>2024-01-15T07:05:20Z</time>
    <extensions>
      <gpxtpx:TrackPointExtension>
        <gpxtpx:hr>130</gpxtpx:hr>
      </gpxtpx:TrackPointExtension>
    </extensions>
  </trkpt>
  <trkpt lat="51.5156331" lon="-0.1276729">
    <ele>25.0</ele>
    <time>2024-01-15T07:05:25Z</time>
    <extensions>
      <gpxtpx:TrackPointExtension>
        <gpxtpx:hr>130</gpxtpx:hr>
      </gpxtpx:TrackPointExtension>
    </extensions>
  </trkpt>
  <trkpt lat="51.5157535" lon="-0.1276990">
    <ele>24.2</ele>
    <time>2024-01-15T07:05:30Z</time>
    <extensions>
      <gpxtpx:TrackPointExtension>
        <gpxtpx:hr>128</gpxtpx:hr>
      </gpxtpx:TrackPointExtension>
    </extensions>
  </trkpt>
  <trkpt lat="51.5158791" lon="-0.1277011">
    <ele>24.5</ele>
    <time>2024-01-15T07:05:35Z</time>
    <extensions>
      <gpxtpx:TrackPointExtension>
        <gpxtpx:hr>128</gpxtpx:hr>
      </gpxtpx:TrackPointExtension>
    </extensions>
  </trkpt>
  <trkpt lat="51.5160124" lon="-0.1277444">
    <ele>24.8</ele>
    <time>2024-01-15T07:05:40Z</time>
    <extensions>
      <gpxtpx:TrackPointExtension>
        <gpxtpx:hr>129</gpxtpx:hr>
      </gpxtpx:TrackPointExtension>
    </extensions>
  </trkpt>
  <trkpt lat="51.5161316" lon="-0.1277293">
    <ele>25.1</ele>
    <time>2024-01-15T07:05:45Z</time>
    <extensions>
      <gpxtpx:TrackPointExtension>
        <gpxtpx:hr>129</gpxtpx:hr>
      </gpxtpx:TrackPointExtension>
    </extensions>
  </trkpt>
  <trkpt lat="51.5162575" lon="-0.1277426">
    <ele>24.4</ele>
    <time>2024-01-15T07:05:50Z</time>
    <extensions>
      <gpxtpx:TrackPointExtension>
        <gpxtpx:hr>128</gpxtpx:hr>
      </gpxtpx:TrackPointExtension>
    </extensions>
  </trkpt>
  <trkpt lat="51.5163979" lon="-0.1277391">
    <ele>24.4</ele>
    <time>2024-01-15T07:05:55Z</time>
    <extensions>
      <gpxtpx:TrackPointExtension>
        <gpxtpx:hr>129</gpxtpx:hr>
      </gpxtpx:TrackPointExtension>
    </extensions>
  </trkpt>
  <trkpt lat="51.5165276" lon="-0.1277314">
    <ele>24.5</ele>
    <time>2024-01-15T07:06:00Z</time>
    <extensions>
      <gpxtpx:TrackPointExtension>
        <gpxtpx:hr>131</gpxtpx:hr>
      </gpxtpx:TrackPointExtension>
    </extensions>
  </trkpt>
  <trkpt lat="51.5166560" lon="-0.1277436">
    <ele>24.0</ele>
    <time>2024-01-15T07:06:05Z</time>
    <extensions>
      <gpxtpx:TrackPointExtension>
        <gpxtpx:hr>130</gpxtpx:hr>
      </gpxtpx:TrackPointExtension>
    </extensions>
  </trkpt>
  <trkpt lat="51.5167819" lon="-0.1277423">
    <ele>24.6</ele>
    <time>2024-01-15T07:06:10Z</time>
    <extensions>
      <gpxtpx:TrackPointExtension>
        <gpxtpx:hr>132</gpxtpx:hr>
      </gpxtpx:TrackPointExtension>
    </extensions>
  </trkpt>
  <trkpt lat="51.5169009" lon="-0.1277560">
    <ele>24.0</ele>
    <time>2024-01-15T07:06:15Z</time>
    <extensions>
      <gpxtpx:TrackPointExtension>
        <gpxtpx:hr>133</gpxtpx:hr>
      </gpxtpx:TrackPointExtension>
    </extensions>
  </trkpt>
  <trkpt lat="51.5170241" lon="-0.1277477">
    <ele>24.8</ele>
    <time>2024-01-15T07:06:20Z</time>
    <extensions>
      <gpxtpx:TrackPointExtension>
        <gpxtpx:hr>132</gpxtpx:hr>
      </gpxtpx:TrackPointExtension>
    </extensions>
  </trkpt>
  <trkpt lat="51.5171458" lon="-0.1277849">
    <ele>24.0</ele>
    <time>2024-01-15T07:06:25Z</time>
    <extensions>
      <gpxtpx:TrackPointExtension>
        <gpxtpx:hr>132</gpxtpx:hr>
      </gpxtpx:TrackPointExtension>
    </extensions>
  </trkpt>
  <trkpt lat="51.5172709" lon="-0.1277755">
    <ele>23.5</ele>
    <time>2024-01-15T07:06:30Z</time>
    <extensions>
      <gpxtpx:TrackPointExtension>
        <gpxtpx:hr>132</gpxtpx:hr>
      </gpxtpx:TrackPointExtension>
    </extensions>
  </trkpt>
  <trkpt lat="51.5174037" lon="-0.1277590">
    <ele>24.6</ele>
    <time>2024-01-15T07:06:35Z</time>
    <extensions>
      <gpxtpx:TrackPointExtension>
        <gpxtpx:hr>133</gpxtpx:hr>
      </gpxtpx:TrackPointExtension>
    </extensions>
  </trkpt>
  <trkpt lat="51.5175185" lon="-0.1277969">
    <ele>23.3</ele>
    <time>2024-01-15T07:06:40Z</time>
    <extensions>
      <gpxtpx:TrackPointExtension>
        <gpxtpx:hr>134</gpxtpx:hr>
      </gpxtpx:TrackPointExtension>
    </extensions>
  </trkpt>
  <trkpt lat="51.5176343" lon="-0.1277922">
    <ele>24.4</ele>
    <time>2024-01-15T07:06:45Z</time>
    <extensions>
      <gpxtpx:TrackPointExtension>
        <gpxtpx:hr>132</gpxtpx:hr>
      </gpxtpx:TrackPointExtension>
    </extensions>
  </trkpt>
  <trkpt lat="51.5177555" lon="-0.1278291">
    <ele>23.5</ele>
    <time>2024-01-15T07:06:50Z</time>
    <extensions>
      <gpxtpx:TrackPointExtension>
        <gpxtpx:hr>132</gpxtpx:hr>
      </gpxtpx:TrackPointExtension>
    </extensions>
  </trkpt>
  <trkpt lat="51.5178799" lon="-0.1278384">
    <ele>23.2</ele>
    <time>2024-01-15T07:06:55Z</time>
    <extensions>
      <gpxtpx:TrackPointExtension>
        <gpxtpx:hr>133</gpxtpx:hr>
      </gpxtpx:TrackPointExtension>
    </extensions>
  </trkpt>
  <trkpt lat="51.5180031" lon="-0.1278025">
    <ele>23.6</ele>
    <time>2024-01-15T07:07:00Z</time>
    <extensions>
      <gpxtpx:TrackPointExtension>
        <gpxtpx:hr>132</gpxtpx:hr>
      </gpxtpx:TrackPointExtension>
    </extensions>
  </trkpt>
  <trkpt lat="51.5181270" lon="-0.1278162">
    <ele>23.5</ele>
    <time>2024-01-15T07:07:05Z</time>
    <extensions>
      <gpxtpx:TrackPointExtension>
        <gpxtpx:hr>133</gpxtpx:hr>
      </gpxtpx:TrackPointExtension>
    </extensions>
  </trkpt>
  <trkpt lat="51.5182583" lon="-0.1277790">
    <ele>23.3</ele>
    <time>2024-01-15T07:07:10Z</time>
    <extensions>
      <gpxtpx:TrackPointExtension>
        <gpxtpx:hr>133</gpxtpx:hr>
      </gpxtpx:TrackPointExtension>
    </extensions>
  </trkpt>
  <trkpt lat="51.5183875" lon="-0.1277953">
    <ele>23.2</ele>
    <time>2024-01-15T07:07:15Z</time>
    <extensions>
      <gpxtpx:TrackPointExtension>
        <gpxtpx:hr>134</gpxtpx:hr>
      </gpxtpx:TrackPointExtension>
    </extensions>
  </trkpt>
  <trkpt lat="51.5185098" lon="-0.1277989">
    <ele>23.1</ele>
    <time>2024-01-15T07:07:20Z</time>
    <extensions>
      <gpxtpx:TrackPointExtension>
        <gpxtpx:hr>134</gpxtpx:hr>
      </gpxtpx:TrackPointExtension>
    </extensions>
  </trkpt>
  <trkpt lat="51.5186304" lon="-0.1278025">
    <ele>23.2</ele>
    <time>2024-01-15T07:07:25Z</time>
    <extensions>
      <gpxtpx:TrackPointExtension>
        <gpxtpx:hr>135</gpxtpx:hr>
      </gpxtpx:TrackPointExtension>
    </extensions>
  </trkpt>
  <trkpt lat="51.5187562" lon="-0.1278199">
    <ele>22.7</ele>
    <time>2024-01-15T07:07:30Z</time>
    <extensions>
      <gpxtpx:TrackPointExtension>
        <gpxtpx:hr>133</gpxtpx:hr>
      </gpxtpx:TrackPointExtension>
    </extensions>
  </trkpt>
  <trkpt lat="51.5188878" lon="-0.1278015">
    <ele>23.3</ele>
    <time>2024-01-15T07:07:35Z</time>
    <extensions>
      <gpxtpx:TrackPointExtension>
        <gpxtpx:hr>133</gpxtpx:hr>
      </gpxtpx:TrackPointExtension>
    </extensions>
  </trkpt>
  <trkpt lat="51.5190001" lon="-0.1278011">
    <ele>22.6</ele>
    <time>2024-01-15T07:07:40Z</time>
    <extensions>
      <gpxtpx:TrackPointExtension>
        <gpxtpx:hr>131</gpxtpx:hr>
      </gpxtpx:TrackPointExtension>
    </extensions>
  </trkpt>
  <trkpt lat="51.5191257" lon="-0.1278311">
    <ele>22.7</ele>
    <time>2024-01-15T07:07:45Z</time>
    <extensions>
      <gpxtpx:TrackPointExtension>
        <gpxtpx:hr>131</gpxtpx:hr>
      </gpxtpx:TrackPointExtension>
    </extensions>
  </trkpt>
  <trkpt lat="51.5192538" lon="-0.1278470">
    <ele>23.0</ele>
    <time>2024-01-15T07:07:50Z</time>
    <extensions>
      <gpxtpx:TrackPointExtension>
        <gpxtpx:hr>130</gpxtpx:hr>
      </gpxtpx:TrackPointExtension>
    </extensions>
  </trkpt>
  <trkpt lat="51.5193799" lon="-0.1278638">
    <ele>22.6</ele>
    <time>2024-01-15T07:07:55Z</time>
    <extensions>
      <gpxtpx:TrackPointExtension>
        <gpxtpx:hr>130</gpxtpx:hr>
      </gpxtpx:TrackPointExtension>
    </extensions>
  </trkpt>
  <trkpt lat="51.5195095" lon="-0.1278538">
    <ele>22.4</ele>
    <time>2024-01-15T07:08:00Z</time>
    <extensions>
      <gpxtpx:TrackPointExtension>
        <gpxtpx:hr>130</gpxtpx:hr>
      </gpxtpx:TrackPointExtension>
    </extensions>
  </trkpt>
  <trkpt lat="51.5196264" lon="-0.1278641">
    <ele>21.8</ele>
    <time>2024-01-15T07:08:05Z</time>
    <extensions>
      <gpxtpx:TrackPointExtension>
        <gpxtpx:hr>131</gpxtpx:hr>
      </gpxtpx:TrackPointExtension>
    </extensions>
  </trkpt>
  <trkpt lat="51.5197541" lon="-0.1278396">
    <ele>21.9</ele>
    <time>2024-01-15T07:08:10Z</time>
    <extensions>
      <gpxtpx:TrackPointExtension>
        <gpxtpx:hr>132</gpxtpx:hr>
      </gpxtpx:TrackPointExtension>
    </extensions>
  </trkpt>
  <trkpt lat="51.5198872" lon="-0.1278276">
    <ele>21.5</ele>
    <time>2024-01-15T07:08:15Z</time>
    <extensions>
      <gpxtpx:TrackPointExtension>
        <gpxtpx:hr>131</gpxtpx:hr>
      </gpxtpx:TrackPointExtension>
    </extensions>
  </trkpt>
  <trkpt lat="51.5200165" lon="-0.1278224">
    <ele>21.8</ele>
    <time>2024-01-15T07:08:20Z</time>
    <extensions>
      <gpxtpx:TrackPointExtension>
        <gpxtpx:hr>129</gpxtpx:hr>
      </gpxtpx:TrackPointExtension>
    </extensions>
  </trkpt>
  <trkpt lat="51.5201405" lon="-0.1278341">
    <ele>21.7</ele>
    <time>2024-01-15T07:08:25Z</time>
    <extensions>
      <gpxtpx:TrackPointExtension>
        <gpxtpx:hr>130</gpxtpx:hr>
      </gpxtpx:TrackPointExtension>
    </extensions>
  </trkpt>
  <trkpt lat="51.5202696" lon="-0.1278480">
    <ele>20.9</ele>
    <time>2024-01-15T07:08:30Z</time>
    <extensions>
      <gpxtpx:TrackPointExtension>
        <gpxtpx:hr>131</gpxtpx:hr>
      </gpxtpx:TrackPointExtension>
    </extensions>
  </trkpt>
  <trkpt lat="51.5203968" lon="-0.1278609">
    <ele>21.3</ele>
    <time>2024-01-15T07:08:35Z</time>
    <extensions>
      <gpxtpx:TrackPointExtension>
        <gpxtpx:hr>131</gpxtpx:hr>
      </gpxtpx:TrackPointExtension>
    </extensions>
  </trkpt>
  <trkpt lat="51.5205217" lon="-0.1278381">
    <ele>21.0</ele>
    <time>2024-01-15T07:08:40Z</time>
    <extensions>
      <gpxtpx:TrackPointExtension>
        <gpxtpx:hr>131</gpxtpx:hr>
      </gpxtpx:TrackPointExtension>
    </extensions>
  </trkpt>
  <trkpt lat="51.5206549" lon="-0.1278227">
    <ele>21.4</ele>
    <time>2024-01-15T07:08:45Z</time>
    <extensions>
      <gpxtpx:TrackPointExtension>
        <gpxtpx:hr>131</gpxtpx:hr>
      </gpxtpx:TrackPointExtension>
    </extensions>
  </trkpt>
  <trkpt lat="51.5207849" lon="-0.1278221">
    <ele>20.8</ele>
    <time>2024-01-15T07:08:50Z</time>
    <extensions>
      <gpxtpx:TrackPointExtension>
        <gpxtpx:hr>131</gpxtpx:hr>
      </gpxtpx:TrackPointExtension>
    </extensions>
  </trkpt>
  <trkpt lat="51.5209099" lon="-0.1278566">
    <ele>20.9</ele>
    <time>2024-01-15T07:08:55Z</time>
    <extensions>
      <gpxtpx:TrackPointExtension>
        <gpxtpx:hr>132</gpxtpx:hr>
      </gpxtpx:TrackPointExtension>
    </extensions>
  </trkpt>
  <trkpt lat="51.5210284" lon="-0.1278137">
    <ele>20.6</ele>
    <time>2024-01-15T07:09:00Z</time>
    <extensions>
      <gpxtpx:TrackPointExtension>
        <gpxtpx:hr>131</gpxtpx:hr>
      </gpxtpx:TrackPointExtension>
    </extensions>
  </trkpt>
  <trkpt lat="51.5211534" lon="-0.1277747">
    <ele>20.6</ele>
    <time>2024-01-15T07:09:05Z</time>
    <extensions>
      <gpxtpx:TrackPointExtension>
        <gpxtpx:hr>130</gpxtpx:hr>
      </gpxtpx:TrackPointExtension>
    </extensions>
  </trkpt>
  <trkpt lat="51.5212885" lon="-0.1278307">
    <ele>19.9</ele>
    <time>2024-01-15T07:09:10Z</time>
    <extensions>
      <gpxtpx:TrackPointExtension>
        <gpxtpx:hr>128</gpxtpx:hr>
      </gpxtpx:TrackPointExtension>
    </extensions>
  </trkpt>
  <trkpt lat="51.5214072" lon="-0.1278473">
    <ele>19.8</ele>
    <time>2024-01-15T07:09:15Z</time>
    <extensions>
      <gpxtpx:TrackPointExtension>
        <gpxtpx:hr>128</gpxtpx:hr>
      </gpxtpx:TrackPointExtension>
    </extensions>
  </trkpt>
  <trkpt lat="51.5215287" lon="-0.1278688">
    <ele>19.7</ele>
    <time>2024-01-15T07:09:20Z</time>
    <extensions>
      <gpxtpx:TrackPointExtension>
        <gpxtpx:hr>129</gpxtpx:hr>
      </gpxtpx:TrackPointExtension>
    </extensions>
  </trkpt>
  <trkpt lat="51.5216588" lon="-0.1278663">
    <ele>20.3</ele>
    <time>2024-01-15T07:09:25Z</time>
    <extensions>
      <gpxtpx:TrackPointExtension>
        <gpxtpx:hr>129</gpxtpx:hr>
      </gpxtpx:TrackPointExtension>
    </extensions>
  </trkpt>
  <trkpt lat="51.5217831" lon="-0.1278904">
    <ele>19.6</ele>
    <time>2024-01-15T07:09:30Z</time>
    <extensions>
      <gpxtpx:TrackPointExtension>
        <gpxtpx:hr>129</gpxtpx:hr>
      </gpxtpx:TrackPointExtension>
    </extensions>
  </trkpt>
  <trkpt lat="51.5219039" lon="-0.1278829">
    <ele>19.9</ele>
    <time>2024-01-15T07:09:35Z</time>
    <extensions>
      <gpxtpx:TrackPointExtension>
        <gpxtpx:hr>129</gpxtpx:hr>
      </gpxtpx:TrackPointExtension>
    </extensions>
  </trkpt>
  <trkpt lat="51.5220324" lon="-0.1278858">
    <ele>19.9</ele>
    <time>2024-01-15T07:09:40Z</time>
    <extensions>
      <gpxtpx:TrackPointExtension>
        <gpxtpx:hr>129</gpxtpx:hr>
      </gpxtpx:TrackPointExtension>
    </extensions>
  </trkpt>
  <trkpt lat="51.5221582" lon="-0.1278929">
    <ele>19.5</ele>
    <time>2024-01-15T07:09:45Z</time>
    <extensions>
      <gpxtpx:TrackPointExtension>
        <gpxtpx:hr>128</gpxtpx:hr>
      </gpxtpx:TrackPointExtension>
    </extensions>
  </trkpt>
  <trkpt lat="51.5222871" lon="-0.1278857">
    <ele>19.5</ele>
    <time>2024-01-15T07:09:50Z</time>
    <extensions>
      <gpxtpx:TrackPointExtension>
        <gpxtpx:hr>126</gpxtpx:hr>
      </gpxtpx:TrackPointExtension>
    </extensions>
  </trkpt>
  <trkpt lat="51.5224211" lon="-0.1279025">
    <ele>18.6</ele>
    <time>2024-01-15T07:09:55Z</time>
    <extensions>
      <gpxtpx:TrackPointExtension>
        <gpxtpx:hr>128</gpxtpx:hr>
      </gpxtpx:TrackPointExtension>
    </extensions>
  </trkpt>
  <trkpt lat="51.5225467" lon="-0.1279010">
    <ele>19.3</ele>
    <time>2024-01-15T07:10:00Z</time>
    <extensions>
      <gpxtpx:TrackPointExtension>
        <gpxtpx:hr>127</gpxtpx:hr>
      </gpxtpx:TrackPointExtension>
    </extensions>
  </trkpt>
  <trkpt lat="51.5226631" lon="-0.1279379">
    <ele>19.0</ele>
    <time>2024-01-15T07:10:05Z</time>
    <extensions>
      <gpxtpx:TrackPointExtension>
        <gpxtpx:hr>126</gpxtpx:hr>
      </gpxtpx:TrackPointExtension>
    </extensions>
  </trkpt>
  <trkpt lat="51.5227970" lon="-0.1279462">
    <ele>18.8</ele>
    <time>2024-01-15T07:10:10Z</time>
    <extensions>
      <gpxtpx:TrackPointExtension>
        <gpxtpx:hr>126</gpxtpx:hr>
      </gpxtpx:TrackPointExtension>
    </extensions>
  </trkpt>
  <trkpt lat="51.5229235" lon="-0.1279443">
    <ele>18.9</ele>
    <time>2024-01-15T07:10:15Z</time>
    <extensions>
      <gpxtpx:TrackPointExtension>
        <gpxtpx:hr>126</gpxtpx:hr>
      </gpxtpx:TrackPointExtension>
    </extensions>
  </trkpt>
  <trkpt lat="51.5230518" lon="-0.1279373">
    <ele>18.4</ele>
    <time>2024-01-15T07:10:20Z</time>
    <extensions>
      <gpxtpx:TrackPointExtension>
        <gpxtpx:hr>126</gpxtpx:hr>
      </gpxtpx:TrackPointExtension>
    </extensions>
  </trkpt>
  <trkpt lat="51.5231780" lon="-0.1279406">
    <ele>18.5</ele>
    <time>2024-01-15T07:10:25Z</time>
    <extensions>
      <gpxtpx:TrackPointExtension>
        <gpxtpx:hr>125</gpxtpx:hr>
      </gpxtpx:TrackPointExtension>
    </extensions>
  </trkpt>
  <trkpt lat="51.5232949" lon="-0.1279360">
    <ele>18.4</ele>
    <time>2024-01-15T07:10:30Z</time>
    <extensions>
      <gpxtpx:TrackPointExtension>
        <gpxtpx:hr>126</gpxtpx:hr>
      </gpxtpx:TrackPointExtension>
    </extensions>
  </trkpt>
  <trkpt lat="51.5234145" lon="-0.1279302">
    <ele>18.2</ele>
    <time>2024-01-15T07:10:35Z</time>
    <extensions>
      <gpxtpx:TrackPointExtension>
        <gpxtpx:hr>127</gpxtpx:hr>
      </gpxtpx:TrackPointExtension>
    </extensions>
  </trkpt>
  <trkpt lat="51.5235392" lon="-0.1279497">
    <ele>17.3</ele>
    <time>2024-01-15T07:10:40Z</time>
    <extensions>
      <gpxtpx:TrackPointExtension>
        <gpxtpx:hr>127</gpxtpx:hr>
      </gpxtpx:TrackPointExtension>
    </extensions>
  </trkpt>
  <trkpt lat="51.5236643" lon="-0.1279414">
    <ele>17.8</ele>
    <time>2024-01-15T07:10:45Z</time>
    <extensions>
      <gpxtpx:TrackPointExtension>
        <gpxtpx:hr>129</gpxtpx:hr>
      </gpxtpx:TrackPointExtension>
    </extensions>
  </trkpt>
  <trkpt lat="51.5237839" lon="-0.1279414">
    <ele>17.2</ele>
    <time>2024-01-15T07:10:50Z</time>
    <extensions>
      <gpxtpx:TrackPointExtension>
        <gpxtpx:hr>128</gpxtpx:hr>
      </gpxtpx:TrackPointExtension>
    </extensions>
  </trkpt>
  <trkpt lat="51.5239154" lon="-0.1279703">
    <ele>17.4</ele>
    <time>2024-01-15T07:10:55Z</time>
    <extensions>
      <gpxtpx:TrackPointExtension>
        <gpxtpx:hr>129</gpxtpx:hr>
      </gpxtpx:TrackPointExtension>
    </extensions>
  </trkpt>
  <trkpt lat="51.5240370" lon="-0.1279688">
    <ele>17.7</ele>
    <time>2024-01-15T07:11:00Z</time>
    <extensions>
      <gpxtpx:TrackPointExtension>
        <gpxtpx:hr>130</gpxtpx:hr>
      </gpxtpx:TrackPointExtension>
    </extensions>
  </trkpt>
  <trkpt lat="51.5241663" lon="-0.1279745">
    <ele>16.8</ele>
    <time>2024-01-15T07:11:05Z</time>
    <extensions>
      <gpxtpx:TrackPointExtension>
        <gpxtpx:hr>129</gpxtpx:hr>
      </gpxtpx:TrackPointExtension>
    </extensions>
  </trkpt>
  <trkpt lat="51.5242874" lon="-0.1279514">
    <ele>17.0</ele>
    <time>2024-01-15T07:11:10Z</time>
    <extensions>
      <gpxtpx:TrackPointExtension>
        <gpxtpx:hr>129</gpxtpx:hr>
      </gpxtpx:TrackPointExtension>
    </extensions>
  </trkpt>
  <trkpt lat="51.5244060" lon="-0.1279961">
    <ele>17.1</ele>
    <time>2024-01-15T07:11:15Z</time>
    <extensions>
      <gpxtpx:TrackPointExtension>
        <gpxtpx:hr>130</gpxtpx:hr>
      </gpxtpx:TrackPointExtension>
    </extensions>
  </trkpt>
  <trkpt lat="51.5245348" lon="-0.1279673">
    <ele>16.8</ele>
    <time>2024-01-15T07:11:20Z</time>
    <extensions>
      <gpxtpx:TrackPointExtension>
        <gpxtpx:hr>131</gpxtpx:hr>
      </gpxtpx:TrackPointExtension>
    </extensions>
  </trkpt>
  <trkpt lat="51.5246605" lon="-0.1279752">
    <ele>16.4</ele>
    <time>2024-01-15T07:11:25Z</time>
    <extensions>
      <gpxtpx:TrackPointExtension>
        <gpxtpx:hr>130</gpxtpx:hr>
      </gpxtpx:TrackPointExtension>
    </extensions>
  </trkpt>
  <trkpt lat="51.5247776" lon="-0.1279558">
    <ele>16.4</ele>
    <time>2024-01-15T07:11:30Z</time>
    <extensions>
      <gpxtpx:TrackPointExtension>
        <gpxtpx:hr>131</gpxtpx:hr>
      </gpxtpx:TrackPointExtension>
    </extensions>
  </trkpt>
  <trkpt lat="51.5248909" lon="-0.1279197">
    <ele>16.4</ele>
    <time>2024-01-15T07:11:35Z</time>
    <extensions>
      <gpxtpx:TrackPointExtension>
        <gpxtpx:hr>131</gpxtpx:hr>
      </gpxtpx:TrackPointExtension>
    </extensions>
  </trkpt>
  <trkpt lat="51.5250217" lon="-0.1279109">
    <ele>16.5</ele>
    <time>2024-01-15T07:11:40Z</time>
    <extensions>
      <gpxtpx:TrackPointExtension>
        <gpxtpx:hr>130</gpxtpx:hr>
      </gpxtpx:TrackPointExtension>
    </extensions>
  </trkpt>
  <trkpt lat="51.5251403" lon="-0.1279397">
    <ele>16.9</ele>
    <time>2024-01-15T07:11:45Z</time>
    <extensions>
      <gpxtpx:TrackPointExtension>
        <gpxtpx:hr>132</gpxtpx:hr>
      </gpxtpx:TrackPointExtension>
    </extensions>
  </trkpt>
  <trkpt lat="51.5252737" lon="-0.1279700">
    <ele>16.0</ele>
    <time>2024-01-15T07:11:50Z</time>
    <extensions>
      <gpxtpx:TrackPointExtension>
        <gpxtpx:hr>132</gpxtpx:hr>
      </gpxtpx:TrackPointExtension>
    </extensions>
  </trkpt>
  <trkpt lat="51.5254005" lon="-0.1280226">
    <ele>16.8</ele>
    <time>2024-01-15T07:11:55Z</time>
    <extensions>
      <gpxtpx:TrackPointExtension>
        <gpxtpx:hr>131</gpxtpx:hr>
      </gpxtpx:TrackPointExtension>
    </extensions>
  </trkpt>
  <trkpt lat="51.5255330" lon="-0.1280284">
    <ele>16.3</ele>
    <time>2024-01-15T07:12:00Z</time>
    <extensions>
      <gpxtpx:TrackPointExtension>
        <gpxtpx:hr>130</gpxtpx:hr>
      </gpxtpx:TrackPointExtension>
    </extensions>
  </trkpt>
  <trkpt lat="51.5256596" lon="-0.1279889">
    <ele>15.9</ele>
    <time>2024-01-15T07:12:05Z</time>
    <extensions>
      <gpxtpx:TrackPointExtension>
        <gpxtpx:hr>130</gpxtpx:hr>
      </gpxtpx:TrackPointExtension>
    </extensions>
  </trkpt>
  <trkpt lat="51.5257814" lon="-0.1279988">
    <ele>16.1</ele>
    <time>2024-01-15T07:12:10Z</time>
    <extensions>
      <gpxtpx:TrackPointExtension>
        <gpxtpx:hr>128</gpxtpx:hr>
      </gpxtpx:TrackPointExtension>
    </extensions>
  </trkpt>
  <trkpt lat="51.5259076" lon="-0.1279955">
    <ele>15.7</ele>
    <time>2024-01-15T07:12:15Z</time>
    <extensions>
      <gpxtpx:TrackPointExtension>
        <gpxtpx:hr>129</gpxtpx:hr>
      </gpxtpx:TrackPointExtension>
    </extensions>
  </trkpt>
  <trkpt lat="51.5260301" lon="-0.1279612">
    <ele>16.3</ele>
    <time>2024-01-15T07:12:20Z</time>
    <extensions>
      <gpxtpx:TrackPointExtension>
        <gpxtpx:hr>128</gpxtpx:hr>
      </gpxtpx:TrackPointExtension>
    </extensions>
  </trkpt>
  <trkpt lat="51.5261568" lon="-0.1279769">
    <ele>15.8</ele>
    <time>2024-01-15T07:12:25Z</time>
    <extensions>
      <gpxtpx:TrackPointExtension>
        <gpxtpx:hr>131</gpxtpx:hr>
      </gpxtpx:TrackPointExtension>
    </extensions>
  </trkpt>
  <trkpt lat="51.5262739" lon="-0.1279615">
    <ele>15.7</ele>
    <time>2024-01-15T07:12:30Z</time>
    <extensions>
      <gpxtpx:TrackPointExtension>
        <gpxtpx:hr>129</gpxtpx:hr>
      </gpxtpx:TrackPointExtension>
    </extensions>
  </trkpt>
  <trkpt lat="51.5264024" lon="-0.1279892">
    <ele>15.6</ele>
    <time>2024-01-15T07:12:35Z</time>
    <extensions>
      <gpxtpx:TrackPointExtension>
        <gpxtpx:hr>127</gpxtpx:hr>
      </gpxtpx:TrackPointExtension>
    </extensions>
  </trkpt>
  <trkpt lat="51.5265239" lon="-0.1279815">
    <ele>15.3</ele>
    <time>2024-01-15T07:12:40Z</time>
    <extensions>
      <gpxtpx:TrackPointExtension>
        <gpxtpx:hr>127</gpxtpx:hr>
      </gpxtpx:TrackPointExtension>
    </extensions>
  </trkpt>
  <trkpt lat="51.5266556" lon="-0.1279933">
    <ele>15.4</ele>
    <time>2024-01-15T07:12:45Z</time>
    <extensions>
      <gpxtpx:TrackPointExtension>
        <gpxtpx:hr>126</gpxtpx:hr>
      </gpxtpx:TrackPointExtension>
    </extensions>
  </trkpt>
  <trkpt lat="51.5267808" lon="-0.1280113">
    <ele>15.2</ele>
    <time>2024-01-15T07:12:50Z</time>
    <extensions>
      <gpxtpx:TrackPointExtension>
        <gpxtpx:hr>127</gpxtpx:hr>
      </gpxtpx:TrackPointExtension>
    </extensions>
  </trkpt>
  <trkpt lat="51.5269060" lon="-0.1280011">
    <ele>15.5</ele>
    <time>2024-01-15T07:12:55Z</time>
    <extensions>
      <gpxtpx:TrackPointExtension>
        <gpxtpx:hr>127</gpxtpx:hr>
      </gpxtpx:TrackPointExtension>
    </extensions>
  </trkpt>
  <trkpt lat="51.5270424" lon="-0.1280094">
    <ele>15.5</ele>
    <time>2024-01-15T07:13:00Z</time>
    <extensions>
      <gpxtpx:TrackPointExtension>
        <gpxtpx:hr>128</gpxtpx:hr>
      </gpxtpx:TrackPointExtension>
    </extensions>
  </trkpt>
  <trkpt lat="51.5271784" lon="-0.1280060">
    <ele>15.2</ele>
    <time>2024-01-15T07:13:05Z</time>
    <extensions>
      <gpxtpx:TrackPointExtension>
        <gpxtpx:hr>129</gpxtpx:hr>
      </gpxtpx:TrackPointExtension>
    </extensions>
  </trkpt>
  <trkpt lat="51.5273041" lon="-0.1279968">
    <ele>15.4</ele>
    <time>2024-01-15T07:13:10Z</time>
    <extensions>
      <gpxtpx:TrackPointExtension>
        <gpxtpx:hr>129</gpxtpx:hr>
      </gpxtpx:TrackPointExtension>
    </extensions>
  </trkpt>
  <trkpt lat="51.5274288" lon="-0.1279938">
    <ele>15.1</ele>
    <time>2024-01-15T07:13:15Z</time>
    <extensions>
      <gpxtpx:TrackPointExtension>
        <gpxtpx:hr>129</gpxtpx:hr>
      </gpxtpx:TrackPointExtension>
    </extensions>
  </trkpt>
  <trkpt lat="51.5275465" lon="-0.1279977">
    <ele>15.0</ele>
    <time>2024-01-15T07:13:20Z</time>
    <extensions>
      <gpxtpx:TrackPointExtension>
        <gpxtpx:hr>129</gpxtpx:hr>
      </gpxtpx:TrackPointExtension>
    </extensions>
  </trkpt>
  <trkpt lat="51.5276669" lon="-0.1280142">
    <ele>14.8</ele>
    <time>2024-01-15T07:13:25Z</time>
    <extensions>
      <gpxtpx:TrackPointExtension>
        <gpxtpx:hr>130</gpxtpx:hr>
      </gpxtpx:TrackPointExtension>
    </extensions>
  </trkpt>
  <trkpt lat="51.5277990" lon="-0.1280098">
    <ele>15.2</ele>
    <time>2024-01-15T07:13:30Z</time>
    <extensions>
      <gpxtpx:TrackPointExtension>
        <gpxtpx:hr>130</gpxtpx:hr>
      </gpxtpx:TrackPointExtension>
    </extensions>
  </trkpt>
  <trkpt lat="51.5279178" lon="-0.1280177">
    <ele>14.8</ele>
    <time>2024-01-15T07:13:35Z</time>
    <extensions>
      <gpxtpx:TrackPointExtension>
        <gpxtpx:hr>130</gpxtpx:hr>
      </gpxtpx:TrackPointExtension>
    </extensions>
  </trkpt>
  <trkpt lat="51.5280355" lon="-0.1280057">
    <ele>15.1</ele>
    <time>2024-01-15T07:13:40Z</time>
    <extensions>
      <gpxtpx:TrackPointExtension>
        <gpxtpx:hr>131</gpxtpx:hr>
      </gpxtpx:TrackPointExtension>
    </extensions>
  </trkpt>
  <trkpt lat="51.5281658" lon="-0.1280126">
    <ele>15.0</ele>
    <time>2024-01-15T07:13:45Z</time>
    <extensions>
      <gpxtpx:TrackPointExtension>
        <gpxtpx:hr>131</gpxtpx:hr>
      </gpxtpx:TrackPointExtension>
    </extensions>
  </trkpt>
  <trkpt lat="51.5282901" lon="-0.1280398">
    <ele>14.8</ele>
    <time>2024-01-15T07:13:50Z</time>
    <extensions>
      <gpxtpx:TrackPointExtension>
        <gpxtpx:hr>131</gpxtpx:hr>
      </gpxtpx:TrackPointExtension>
    </extensions>
  </trkpt>
  <trkpt lat="51.5284224" lon="-0.1280431">
    <ele>15.2</ele>
    <time>2024-01-15T07:13:55Z</time>
    <extensions>
      <gpxtpx:TrackPointExtension>
        <gpxtpx:hr>129</gpxtpx:hr>
      </gpxtpx:TrackPointExtension>
    </extensions>
  </trkpt>
  <trkpt lat="51.5285424" lon="-0.1280441">
    <ele>14.7</ele>
    <time>2024-01-15T07:14:00Z</time>
    <extensions>
      <gpxtpx:TrackPointExtension>
        <gpxtpx:hr>128</gpxtpx:hr>
      </gpxtpx:TrackPointExtension>
    </extensions>
  </trkpt>
  <trkpt lat="51.5286685" lon="-0.1280932">
    <ele>15.2</ele>
    <time>2024-01-15T07:14:05Z</time>
    <extensions>
      <gpxtpx:TrackPointExtension>
        <gpxtpx:hr>129</gpxtpx:hr>
      </gpxtpx:TrackPointExtension>
    </extensions>
  </trkpt>
  <trkpt lat="51.5287956" lon="-0.1281033">
    <ele>15.1</ele>
    <time>2024-01-15T07:14:10Z</time>
    <extensions>
      <gpxtpx:TrackPointExtension>
        <gpxtpx:hr>129</gpxtpx:hr>
      </gpxtpx:TrackPointExtension>
    </extensions>
  </trkpt>
  <trkpt lat="51.5289143" lon="-0.1281030">
    <ele>14.9</ele>
    <time>2024-01-15T07:14:15Z</time>
    <extensions>
      <gpxtpx:TrackPointExtension>
        <gpxtpx:hr>128</gpxtpx:hr>
      </gpxtpx:TrackPointExtension>
    </extensions>
  </trkpt>
  <trkpt lat="51.5290383" lon="-0.1280719">
    <ele>14.7</ele>
    <time>2024-01-15T07:14:20Z</time>
    <extensions>
      <gpxtpx:TrackPointExtension>
        <gpxtpx:hr>128</gpxtpx:hr>
      </gpxtpx:TrackPointExtension>
    </extensions>
  </trkpt>
  <trkpt lat="51.5291691" lon="-0.1281160">
    <ele>14.6</ele>
    <time>2024-01-15T07:14:25Z</time>
    <extensions>
      <gpxtpx:TrackPointExtension>
        <gpxtpx:hr>129</gpxtpx:hr>
      </gpxtpx:TrackPointExtension>
    </extensions>
  </trkpt>
  <trkpt lat="51.5293024" lon="-0.1281584">
    <ele>15.2</ele>
    <time>2024-01-15T07:14:30Z</time>
    <extensions>
      <gpxtpx:TrackPointExtension>
        <gpxtpx:hr>128</gpxtpx:hr>
      </gpxtpx:TrackPointExtension>
    </extensions>
  </trkpt>
  <trkpt lat="51.5294363" lon="-0.1281960">
    <ele>15.0</ele>
    <time>2024-01-15T07:14:35Z</time>
    <extensions>
      <gpxtpx:TrackPointExtension>
        <gpxtpx:hr>128</gpxtpx:hr>
      </gpxtpx:TrackPointExtension>
    </extensions>
  </trkpt>
  <trkpt lat="51.5295588" lon="-0.1281815">
    <ele>14.7</ele>
    <time>2024-01-15T07:14:40Z</time>
    <extensions>
      <gpxtpx:TrackPointExtension>
        <gpxtpx:hr>128</gpxtpx:hr>
      </gpxtpx:TrackPointExtension>
    </extensions>
  </trkpt>
  <trkpt lat="51.5296847" lon="-0.1281713">
    <ele>14.7</ele>
    <time>2024-01-15T07:14:45Z</time>
    <extensions>
      <gpxtpx:TrackPointExtension>
        <gpxtpx:hr>128</gpxtpx:hr>
      </gpxtpx:TrackPointExtension>
    </extensions>
  </trkpt>
  <trkpt lat="51.5298033" lon="-0.1281792">
    <ele>15.2</ele>
    <time>2024-01-15T07:14:50Z</time>
    <extensions>
      <gpxtpx:TrackPointExtension>
        <gpxtpx:hr>128</gpxtpx:hr>
      </gpxtpx:TrackPointExtension>
    </extensions>
  </trkpt>
  <trkpt lat="51.5299223" lon="-0.1281742">
    <ele>15.4</ele>
    <time>2024-01-15T07:14:55Z</time>
    <extensions>
      <gpxtpx:TrackPointExtension>
        <gpxtpx:hr>128</gpxtpx:hr>
      </gpxtpx:TrackPointExtension>
    </extensions>
  </trkpt>
  <trkpt lat="51.5300353" lon="-0.1281490">
    <ele>14.9</ele>
    <time>2024-01-15T07:15:00Z</time>
    <extensions>
      <gpxtpx:TrackPointExtension>
        <gpxtpx:hr>129</gpxtpx:hr>
      </gpxtpx:TrackPointExtension>
    </extensions>
  </trkpt>
  <trkpt lat="51.5301406" lon="-0.1281693">
    <ele>15.1</ele>
    <time>2024-01-15T07:15:05Z</time>
    <extensions>
      <gpxtpx:TrackPointExtension>
        <gpxtpx:hr>128</gpxtpx:hr>
      </gpxtpx:TrackPointExtension>
    </extensions>
  </trkpt>
  <trkpt lat="51.5302564" lon="-0.1281615">
    <ele>15.4</ele>
    <time>2024-01-15T07:15:10Z</time>
    <extensions>
      <gpxtpx:TrackPointExtension>
        <gpxtpx:hr>127</gpxtpx:hr>
      </gpxtpx:TrackPointExtension>
    </extensions>
  </trkpt>
  <trkpt lat="51.5303782" lon="-0.1281677">
    <ele>15.2</ele>
    <time>2024-01-15T07:15:15Z</time>
    <extensions>
      <gpxtpx:TrackPointExtension>
        <gpxtpx:hr>126</gpxtpx:hr>
      </gpxtpx:TrackPointExtension>
    </extensions>
  </trkpt>
  <trkpt lat="51.5305061" lon="-0.1281673">
    <ele>15.6</ele>
    <time>2024-01-15T07:15:20Z</time>
    <extensions>
      <gpxtpx:TrackPointExtension>
        <gpxtpx:hr>126</gpxtpx:hr>
      </gpxtpx:TrackPointExtension>
    </extensions>
  </trkpt>
  <trkpt lat="51.5306374" lon="-0.1282038">
    <ele>15.9</ele>
    <time>2024-01-15T07:15:25Z</time>
    <extensions>
      <gpxtpx:TrackPointExtension>
        <gpxtpx:hr>126</gpxtpx:hr>
      </gpxtpx:TrackPointExtension>
    </extensions>
  </trkpt>
  <trkpt lat="51.5307663" lon="-0.1281553">
    <ele>15.2</ele>
    <time>2024-01-15T07:15:30Z</time>
    <extensions>
      <gpxtpx:TrackPointExtension>
        <gpxtpx:hr>127</gpxtpx:hr>
      </gpxtpx:TrackPointExtension>
    </extensions>
  </trkpt>
  <trkpt lat="51.5308968" lon="-0.1281502">
    <ele>16.3</ele>
    <time>2024-01-15T07:15:35Z</time>
    <extensions>
      <gpxtpx:TrackPointExtension>
        <gpxtpx:hr>126</gpxtpx:hr>
      </gpxtpx:TrackPointExtension>
    </extensions>
  </trkpt>
  <trkpt lat="51.5310285" lon="-0.1281358">
    <ele>15.7</ele>
    <time>2024-01-15T07:15:40Z</time>
    <extensions>
      <gpxtpx:TrackPointExtension>
        <gpxtpx:hr>128</gpxtpx:hr>
      </gpxtpx:TrackPointExtension>
    </extensions>
  </trkpt>
  <trkpt lat="51.5311602" lon="-0.1281416">
    <ele>16.0</ele>
    <time>2024-01-15T07:15:45Z</time>
    <extensions>
      <gpxtpx:TrackPointExtension>
        <gpxtpx:hr>128</gpxtpx:hr>
      </gpxtpx:TrackPointExtension>
    </extensions>
  </trkpt>
  <trkpt lat="51.5312849" lon="-0.1281697">
    <ele>15.6</ele>
    <time>2024-01-15T07:15:50Z</time>
    <extensions>
      <gpxtpx:TrackPointExtension>
        <gpxtpx:hr>128</gpxtpx:hr>
      </gpxtpx:TrackPointExtension>
    </extensions>
  </trkpt>
  <trkpt lat="51.5314254" lon="-0.1281854">
    <ele>16.1</ele>
    <time>2024-01-15T07:15:55Z</time>
    <extensions>
      <gpxtpx:TrackPointExtension>
        <gpxtpx:hr>127</gpxtpx:hr>
      </gpxtpx:TrackPointExtension>
    </extensions>
  </trkpt>
  <trkpt lat="51.5315394" lon="-0.1281514">
    <ele>15.9</ele>
    <time>2024-01-15T07:16:00Z</time>
    <extensions>
      <gpxtpx:TrackPointExtension>
        <gpxtpx:hr>127</gpxtpx:hr>
      </gpxtpx:TrackPointExtension>
    </extensions>
  </trkpt>
  <trkpt lat="51.5316604" lon="-0.1281307">
    <ele>16.0</ele>
    <time>2024-01-15T07:16:05Z</time>
    <extensions>
      <gpxtpx:TrackPointExtension>
        <gpxtpx:hr>127</gpxtpx:hr>
      </gpxtpx:TrackPointExtension>
    </extensions>
  </trkpt>
  <trkpt lat="51.5317731" lon="-0.1281327">
    <ele>16.2</ele>
    <time>2024-01-15T07:16:10Z</time>
    <extensions>
      <gpxtpx:TrackPointExtension>
        <gpxtpx:hr>127</gpxtpx:hr>
      </gpxtpx:TrackPointExtension>
    </extensions>
  </trkpt>
  <trkpt lat="51.5318947" lon="-0.1281526">
    <ele>15.9</ele>
    <time>2024-01-15T07:16:15Z</time>
    <extensions>
      <gpxtpx:TrackPointExtension>
        <gpxtpx:hr>127</gpxtpx:hr>
      </gpxtpx:TrackPointExtension>
    </extensions>
  </trkpt>
  <trkpt lat="51.5320216" lon="-0.1281144">
    <ele>16.3</ele>
    <time>2024-01-15T07:16:20Z</time>
    <extensions>
      <gpxtpx:TrackPointExtension>
        <gpxtpx:hr>128</gpxtpx:hr>
      </gpxtpx:TrackPointExtension>
    </extensions>
  </trkpt>
  <trkpt lat="51.5321528" lon="-0.1281209">
    <ele>16.3</ele>
    <time>2024-01-15T07:16:25Z</time>
    <extensions>
      <gpxtpx:TrackPointExtension>
        <gpxtpx:hr>129</gpxtpx:hr>
      </gpxtpx:TrackPointExtension>
    </extensions>
  </trkpt>
  <trkpt lat="51.5322695" lon="-0.1281467">
    <ele>17.1</ele>
    <time>2024-01-15T07:16:30Z</time>
    <extensions>
      <gpxtpx:TrackPointExtension>
        <gpxtpx:hr>129</gpxtpx:hr>
      </gpxtpx:TrackPointExtension>
    </extensions>
  </trkpt>
  <trkpt lat="51.5324086" lon="-0.1281201">
    <ele>16.6</ele>
    <time>2024-01-15T07:16:35Z</time>
    <extensions>
      <gpxtpx:TrackPointExtension>
        <gpxtpx:hr>127</gpxtpx:hr>
      </gpxtpx:TrackPointExtension>
    </extensions>
  </trkpt>
  <trkpt lat="51.5325348" lon="-0.1281034">
    <ele>16.2</ele>
    <time>2024-01-15T07:16:40Z</time>
    <extensions>
      <gpxtpx:TrackPointExtension>
        <gpxtpx:hr>124</gpxtpx:hr>
      </gpxtpx:TrackPointExtension>
    </extensions>
  </trkpt>
  <trkpt lat="51.5326635" lon="-0.1281026">
    <ele>16.8</ele>
    <time>2024-01-15T07:16:45Z</time>
    <extensions>
      <gpxtpx:TrackPointExtension>
        <gpxtpx:hr>124</gpxtpx:hr>
      </gpxtpx:TrackPointExtension>
    </extensions>
  </trkpt>
  <trkpt lat="51.5327966" lon="-0.1281112">
    <ele>17.1</ele>
    <time>2024-01-15T07:16:50Z</time>
    <extensions>
      <gpxtpx:TrackPointExtension>
        <gpxtpx:hr>124</gpxtpx:hr>
      </gpxtpx:TrackPointExtension>
    </extensions>
  </trkpt>
  <trkpt lat="51.5329182" lon="-0.1280832">
    <ele>17.0</ele>
    <time>2024-01-15T07:16:55Z</time>
    <extensions>
      <gpxtpx:TrackPointExtension>
        <gpxtpx:hr>124</gpxtpx:hr>
      </gpxtpx:TrackPointExtension>
    </extensions>
  </trkpt>
  <trkpt lat="51.5330430" lon="-0.1280891">
    <ele>16.7</ele>
    <time>2024-01-15T07:17:00Z</time>
    <extensions>
      <gpxtpx:TrackPointExtension>
        <gpxtpx:hr>124</gpxtpx:hr>
      </gpxtpx:TrackPointExtension>
    </extensions>
  </trkpt>
  <trkpt lat="51.5331658" lon="-0.1281072">
    <ele>16.9</ele>
    <time>2024-01-15T07:17:05Z</time>
    <extensions>
      <gpxtpx:TrackPointExtension>
        <gpxtpx:hr>124</gpxtpx:hr>
      </gpxtpx:TrackPointExtension>
    </extensions>
  </trkpt>
  <trkpt lat="51.5332841" lon="-0.1281099">
    <ele>17.5</ele>
    <time>2024-01-15T07:17:10Z</time>
    <extensions>
      <gpxtpx:TrackPointExtension>
        <gpxtpx:hr>126</gpxtpx:hr>
      </gpxtpx:TrackPointExtension>
    </extensions>
  </trkpt>
  <trkpt lat="51.5334209" lon="-0.1281337">
    <ele>17.3</ele>
    <time>2024-01-15T07:17:15Z</time>
    <extensions>
      <gpxtpx:TrackPointExtension>
        <gpxtpx:hr>127</gpxtpx:hr>
      </gpxtpx:TrackPointExtension>
    </extensions>
  </trkpt>
  <trkpt lat="51.5335532" lon="-0.1281375">
    <ele>17.4</ele>
    <time>2024-01-15T07:17:20Z</time>
    <extensions>
      <gpxtpx:TrackPointExtension>
        <gpxtpx:hr>127</gpxtpx:hr>
      </gpxtpx:TrackPointExtension>
    </extensions>
  </trkpt>
  <trkpt lat="51.5336804" lon="-0.1281473">
    <ele>18.0</ele>
    <time>2024-01-15T07:17:25Z</time>
    <extensions>
      <gpxtpx:TrackPointExtension>
        <gpxtpx:hr>125</gpxtpx:hr>
      </gpxtpx:TrackPointExtension>
    </extensions>
  </trkpt>
  <trkpt lat="51.5338108" lon="-0.1281199">
    <ele>17.5</ele>
    <time>2024-01-15T07:17:30Z</time>
    <extensions>
      <gpxtpx:TrackPointExtension>
        <gpxtpx:hr>124</gpxtpx:hr>
      </gpxtpx:TrackPointExtension>
    </extensions>
  </trkpt>
  <trkpt lat="51.5339289" lon="-0.1281500">
    <ele>18.3</ele>
    <time>2024-01-15T07:17:35Z</time>
    <extensions>
      <gpxtpx:TrackPointExtension>
        <gpxtpx:hr>124</gpxtpx:hr>
      </gpxtpx:TrackPointExtension>
    </extensions>
  </trkpt>
  <trkpt lat="51.5340561" lon="-0.1281839">
    <ele>18.2</ele>
    <time>2024-01-15T07:17:40Z</time>
    <extensions>
      <gpxtpx:TrackPointExtension>
        <gpxtpx:hr>125</gpxtpx:hr>
      </gpxtpx:TrackPointExtension>
    </extensions>
  </trkpt>
  <trkpt lat="51.5341737" lon="-0.1281728">
    <ele>17.8</ele>
    <time>2024-01-15T07:17:45Z</time>
    <extensions>
      <gpxtpx:TrackPointExtension>
        <gpxtpx:hr>128</gpxtpx:hr>
      </gpxtpx:TrackPointExtension>
    </extensions>
  </trkpt>
  <trkpt lat="51.5342990" lon="-0.1281943">
    <ele>18.7</ele>
    <time>2024-01-15T07:17:50Z</time>
    <extensions>
      <gpxtpx:TrackPointExtension>
        <gpxtpx:hr>130</gpxtpx:hr>
      </gpxtpx:TrackPointExtension>
    </extensions>
  </trkpt>
  <trkpt lat="51.5344196" lon="-0.1282093">
    <ele>18.0</ele>
    <time>2024-01-15T07:17:55Z</time>
    <extensions>
      <gpxtpx:TrackPointExtension>
        <gpxtpx:hr>129</gpxtpx:hr>
      </gpxtpx:TrackPointExtension>
    </extensions>
  </trkpt>
  <trkpt lat="51.5345348" lon="-0.1281999">
    <ele>19.0</ele>
    <time>2024-01-15T07:18:00Z</time>
    <extensions>
      <gpxtpx:TrackPointExtension>
        <gpxtpx:hr>129</gpxtpx:hr>
      </gpxtpx:TrackPointExtension>
    </extensions>
  </trkpt>
  <trkpt lat="51.5346554" lon="-0.1281810">
    <ele>18.6</ele>
    <time>2024-01-15T07:18:05Z</time>
    <extensions>
      <gpxtpx:TrackPointExtension>
        <gpxtpx:hr>127</gpxtpx:hr>
      </gpxtpx:TrackPointExtension>
    </extensions>
  </trkpt>
  <trkpt lat="51.5347793" lon="-0.1281739">
    <ele>18.7</ele>
    <time>2024-01-15T07:18:10Z</time>
    <extensions>
      <gpxtpx:TrackPointExtension>
        <gpxtpx:hr>129</gpxtpx:hr>
      </gpxtpx:TrackPointExtension>
    </extensions>
  </trkpt>
  <trkpt lat="51.5349037" lon="-0.1281298">
    <ele>19.4</ele>
    <time>2024-01-15T07:18:15Z</time>
    <extensions>
      <gpxtpx:TrackPointExtension>
        <gpxtpx:hr>129</gpxtpx:hr>
      </gpxtpx:TrackPointExtension>
    </extensions>
  </trkpt>
  <trkpt lat="51.5350289" lon="-0.1281144">
    <ele>19.3</ele>
    <time>2024-01-15T07:18:20Z</time>
    <extensions>
      <gpxtpx:TrackPointExtension>
        <gpxtpx:hr>131</gpxtpx:hr>
      </gpxtpx:TrackPointExtension>
    </extensions>
  </trkpt>
  <trkpt lat="51.5351468" lon="-0.1281310">
    <ele>19.7</ele>
    <time>2024-01-15T07:18:25Z</time>
    <extensions>
      <gpxtpx:TrackPointExtension>
        <gpxtpx:hr>132</gpxtpx:hr>
      </gpxtpx:TrackPointExtension>
    </extensions>
  </trkpt>
  <trkpt lat="51.5352768" lon="-0.1281080">
    <ele>19.3</ele>
    <time>2024-01-15T07:18:30Z</time>
    <extensions>
      <gpxtpx:TrackPointExtension>
        <gpxtpx:hr>131</gpxtpx:hr>
      </gpxtpx:TrackPointExtension>
    </extensions>
  </trkpt>
  <trkpt lat="51.5354020" lon="-0.1280691">
    <ele>19.9</ele>
    <time>2024-01-15T07:18:35Z</time>
    <extensions>
      <gpxtpx:TrackPointExtension>
        <gpxtpx:hr>131</gpxtpx:hr>
      </gpxtpx:TrackPointExtension>
    </extensions>
  </trkpt>
  <trkpt lat="51.5355319" lon="-0.1280675">
    <ele>19.6</ele>
    <time>2024-01-15T07:18:40Z</time>
    <extensions>
      <gpxtpx:TrackPointExtension>
        <gpxtpx:hr>130</gpxtpx:hr>
      </gpxtpx:TrackPointExtension>
    </extensions>
  </trkpt>
  <trkpt lat="51.5356520" lon="-0.1280683">
    <ele>19.9</ele>
    <time>2024-01-15T07:18:45Z</time>
    <extensions>
      <gpxtpx:TrackPointExtension>
        <gpxtpx:hr>131</gpxtpx:hr>
      </gpxtpx:TrackPointExtension>
    </extensions>
  </trkpt>
  <trkpt lat="51.5357783" lon="-0.1280423">
    <ele>19.6</ele>
    <time>2024-01-15T07:18:50Z</time>
    <extensions>
      <gpxtpx:TrackPointExtension>
        <gpxtpx:hr>130</gpxtpx:hr>
      </gpxtpx:TrackPointExtension>
    </extensions>
  </trkpt>
  <trkpt lat="51.5358958" lon="-0.1280345">
    <ele>20.2</ele>
    <time>2024-01-15T07:18:55Z</time>
    <extensions>
      <gpxtpx:TrackPointExtension>
        <gpxtpx:hr>128</gpxtpx:hr>
      </gpxtpx:TrackPointExtension>
    </extensions>
  </trkpt>
  <trkpt lat="51.5360235" lon="-0.1279987">
    <ele>20.2</ele>
    <time>2024-01-15T07:19:00Z</time>
    <extensions>
      <gpxtpx:TrackPointExtension>
        <gpxtpx:hr>128</gpxtpx:hr>
      </gpxtpx:TrackPointExtension>
    </extensions>
  </trkpt>
  <trkpt lat="51.5361546" lon="-0.1280209">
    <ele>20.1</ele>
    <time>2024-01-15T07:19:05Z</time>
    <extensions>
      <gpxtpx:TrackPointExtension>
        <gpxtpx:hr>127</gpxtpx:hr>
      </gpxtpx:TrackPointExtension>
    </extensions>
  </trkpt>
  <trkpt lat="51.5362865" lon="-0.1280550">
    <ele>20.2</ele>
    <time>2024-01-15T07:19:10Z</time>
    <extensions>
      <gpxtpx:TrackPointExtension>
        <gpxtpx:hr>126</gpxtpx:hr>
      </gpxtpx:TrackPointExtension>
    </extensions>
  </trkpt>
  <trkpt lat="51.5364150" lon="-0.1280691">
    <ele>20.9</ele>
    <time>2024-01-15T07:19:15Z</time>
    <extensions>
      <gpxtpx:TrackPointExtension>
        <gpxtpx:hr>125</gpxtpx:hr>
      </gpxtpx:TrackPointExtension>
    </extensions>
  </trkpt>
  <trkpt lat="51.5365404" lon="-0.1280778">
    <ele>21.4</ele>
    <time>2024-01-15T07:19:20Z</time>
    <extensions>
      <gpxtpx:TrackPointExtension>
        <gpxtpx:hr>125</gpxtpx:hr>
      </gpxtpx:TrackPointExtension>
    </extensions>
  </trkpt>
  <trkpt lat="51.5366641" lon="-0.1280684">
    <ele>20.9</ele>
    <time>2024-01-15T07:19:25Z</time>
    <extensions>
      <gpxtpx:TrackPointExtension>
        <gpxtpx:hr>123</gpxtpx:hr>
      </gpxtpx:TrackPointExtension>
    </extensions>
  </trkpt>
  <trkpt lat="51.5368044" lon="-0.1280780">
    <ele>21.0</ele>
    <time>2024-01-15T07:19:30Z</time>
    <extensions>
      <gpxtpx:TrackPointExtension>
        <gpxtpx:hr>124</gpxtpx:hr>
      </gpxtpx:TrackPointExtension>
    </extensions>
  </trkpt>
  <trkpt lat="51.5369264" lon="-0.1280980">
    <ele>20.9</ele>
    <time>2024-01-15T07:19:35Z</time>
    <extensions>
      <gpxtpx:TrackPointExtension>
        <gpxtpx:hr>125</gpxtpx:hr>
      </gpxtpx:TrackPointExtension>
    </extensions>
  </trkpt>
  <trkpt lat="51.5370532" lon="-0.1280895">
    <ele>21.4</ele>
    <time>2024-01-15T07:19:40Z</time>
    <extensions>
      <gpxtpx:TrackPointExtension>
        <gpxtpx:hr>126</gpxtpx:hr>
      </gpxtpx:TrackPointExtension>
    </extensions>
  </trkpt>
  <trkpt lat="51.5371673" lon="-0.1280971">
    <ele>20.8</ele>
    <time>2024-01-15T07:19:45Z</time>
    <extensions>
      <gpxtpx:TrackPointExtension>
        <gpxtpx:hr>126</gpxtpx:hr>
      </gpxtpx:TrackPointExtension>
    </extensions>
  </trkpt>
  <trkpt lat="51.5372822" lon="-0.1281039">
    <ele>22.1</ele>
    <time>2024-01-15T07:19:50Z</time>
    <extensions>
      <gpxtpx:TrackPointExtension>
        <gpxtpx:hr>125</gpxtpx:hr>
      </gpxtpx:TrackPointExtension>
    </extensions>
  </trkpt>
  <trkpt lat="51.5374001" lon="-0.1281018">
    <ele>22.0</ele>
    <time>2024-01-15T07:19:55Z</time>
    <extensions>
      <gpxtpx:TrackPointExtension>
        <gpxtpx:hr>124</gpxtpx:hr>
      </gpxtpx:TrackPointExtension>
    </extensions>
  </trkpt>
  <trkpt lat="51.5375741" lon="-0.1281346">
    <ele>21.4</ele>
    <time>2024-01-15T07:20:00Z</time>
    <extensions>
      <gpxtpx:TrackPointExtension>
        <gpxtpx:hr>130</gpxtpx:hr>
      </gpxtpx:TrackPointExtension>
    </extensions>
  </trkpt>
  <trkpt lat="51.5377349" lon="-0.1281227">
    <ele>22.3</ele>
    <time>2024-01-15T07:20:05Z</time>
    <extensions>
      <gpxtpx:TrackPointExtension>
        <gpxtpx:hr>136</gpxtpx:hr>
      </gpxtpx:TrackPointExtension>
    </extensions>
  </trkpt>
  <trkpt lat="51.5379282" lon="-0.1281487">
    <ele>22.5</ele>
    <time>2024-01-15T07:20:10Z</time>
    <extensions>
      <gpxtpx:TrackPointExtension>
        <gpxtpx:hr>139</gpxtpx:hr>
      </gpxtpx:TrackPointExtension>
    </extensions>
  </trkpt>
  <trkpt lat="51.5380848" lon="-0.1281981">
    <ele>22.8</ele>
    <time>2024-01-15T07:20:15Z</time>
    <extensions>
      <gpxtpx:TrackPointExtension>
        <gpxtpx:hr>142</gpxtpx:hr>
      </gpxtpx:TrackPointExtension>
    </extensions>
  </trkpt>
  <trkpt lat="51.5382361" lon="-0.1281528">
    <ele>23.0</ele>
    <time>2024-01-15T07:20:20Z</time>
    <extensions>
      <gpxtpx:TrackPointExtension>
        <gpxtpx:hr>144</gpxtpx:hr>
      </gpxtpx:TrackPointExtension>
    </extensions>
  </trkpt>
  <trkpt lat="51.5383858" lon="-0.1281240">
    <ele>23.1</ele>
    <time>2024-01-15T07:20:25Z</time>
    <extensions>
      <gpxtpx:TrackPointExtension>
        <gpxtpx:hr>147</gpxtpx:hr>
      </gpxtpx:TrackPointExtension>
    </extensions>
  </trkpt>
  <trkpt lat="51.5385619" lon="-0.1281649">
    <ele>22.9</ele>
    <time>2024-01-15T07:20:30Z</time>
    <extensions>
      <gpxtpx:TrackPointExtension>
        <gpxtpx:hr>150</gpxtpx:hr>
      </gpxtpx:TrackPointExtension>
    </extensions>
  </trkpt>
  <trkpt lat="51.5387291" lon="-0.1281805">
    <ele>23.2</ele>
    <time>2024-01-15T07:20:35Z</time>
    <extensions>
      <gpxtpx:TrackPointExtension>
        <gpxtpx:hr>151</gpxtpx:hr>
      </gpxtpx:TrackPointExtension>
    </extensions>
  </trkpt>
  <trkpt lat="51.5389081" lon="-0.1281785">
    <ele>23.2</ele>
    <time>2024-01-15T07:20:40Z</time>
    <extensions>
      <gpxtpx:TrackPointExtension>
        <gpxtpx:hr>153</gpxtpx:hr>
      </gpxtpx:TrackPointExtension>
    </extensions>
  </trkpt>
  <trkpt lat="51.5390836" lon="-0.1281563">
    <ele>23.2</ele>
    <time>2024-01-15T07:20:45Z</time>
    <extensions>
      <gpxtpx:TrackPointExtension>
        <gpxtpx:hr>157</gpxtpx:hr>
      </gpxtpx:TrackPointExtension>
    </extensions>
  </trkpt>
  <trkpt lat="51.5392378" lon="-0.1281343">
    <ele>23.3</ele>
    <time>2024-01-15T07:20:50Z</time>
    <extensions>
      <gpxtpx:TrackPointExtension>
        <gpxtpx:hr>155</gpxtpx:hr>
      </gpxtpx:TrackPointExtension>
    </extensions>
  </trkpt>
  <trkpt lat="51.5394120" lon="-0.1281124">
    <ele>23.8</ele>
    <time>2024-01-15T07:20:55Z</time>
    <extensions>
      <gpxtpx:TrackPointExtension>
        <gpxtpx:hr>157</gpxtpx:hr>
      </gpxtpx:TrackPointExtension>
    </extensions>
  </trkpt>
  <trkpt lat="51.5395721" lon="-0.1281355">
    <ele>23.4</ele>
    <time>2024-01-15T07:21:00Z</time>
    <extensions>
      <gpxtpx:TrackPointExtension>
        <gpxtpx:hr>157</gpxtpx:hr>
      </gpxtpx:TrackPointExtension>
    </extensions>
  </trkpt>
  <trkpt lat="51.5397408" lon="-0.1281387">
    <ele>23.7</ele>
    <time>2024-01-15T07:21:05Z</time>
    <extensions>
      <gpxtpx:TrackPointExtension>
        <gpxtpx:hr>158</gpxtpx:hr>
      </gpxtpx:TrackPointExtension>
    </extensions>
  </trkpt>
  <trkpt lat="51.5398981" lon="-0.1281155">
    <ele>24.2</ele>
    <time>2024-01-15T07:21:10Z</time>
    <extensions>
      <gpxtpx:TrackPointExtension>
        <gpxtpx:hr>161</gpxtpx:hr>
      </gpxtpx:TrackPointExtension>
    </extensions>
  </trkpt>
  <trkpt lat="51.5400629" lon="-0.1280977">
    <ele>23.9</ele>
    <time>2024-01-15T07:21:15Z</time>
    <extensions>
      <gpxtpx:TrackPointExtension>
        <gpxtpx:hr>162</gpxtpx:hr>
      </gpxtpx:TrackPointExtension>
    </extensions>
  </trkpt>
  <trkpt lat="51.5402166" lon="-0.1280553">
    <ele>24.2</ele>
    <time>2024-01-15T07:21:20Z</time>
    <extensions>
      <gpxtpx:TrackPointExtension>
        <gpxtpx:hr>165</gpxtpx:hr>
      </gpxtpx:TrackPointExtension>
    </extensions>
  </trkpt>
  <trkpt lat="51.5403799" lon="-0.1280443">
    <ele>24.5</ele>
    <time>2024-01-15T07:21:25Z</time>
    <extensions>
      <gpxtpx:TrackPointExtension>
        <gpxtpx:hr>165</gpxtpx:hr>
      </gpxtpx:TrackPointExtension>
    </extensions>
  </trkpt>
  <trkpt lat="51.5405481" lon="-0.1280496">
    <ele>24.4</ele>
    <time>2024-01-15T07:21:30Z</time>
    <extensions>
      <gpxtpx:TrackPointExtension>
        <gpxtpx:hr>167</gpxtpx:hr>
      </gpxtpx:TrackPointExtension>
    </extensions>
  </trkpt>
  <trkpt lat="51.5407141" lon="-0.1280260">
    <ele>24.6</ele>
    <time>2024-01-15T07:21:35Z</time>
    <extensions>
      <gpxtpx:TrackPointExtension>
        <gpxtpx:hr>167</gpxtpx:hr>
      </gpxtpx:TrackPointExtension>
    </extensions>
  </trkpt>
  <trkpt lat="51.5408817" lon="-0.1280589">
    <ele>24.2</ele>
    <time>2024-01-15T07:21:40Z</time>
    <extensions>
      <gpxtpx:TrackPointExtension>
        <gpxtpx:hr>167</gpxtpx:hr>
      </gpxtpx:TrackPointExtension>
    </extensions>
  </trkpt>
  <trkpt lat="51.5410462" lon="-0.1280902">
    <ele>24.9</ele>
    <time>2024-01-15T07:21:45Z</time>
    <extensions>
      <gpxtpx:TrackPointExtension>
        <gpxtpx:hr>168</gpxtpx:hr>
      </gpxtpx:TrackPointExtension>
    </extensions>
  </trkpt>
  <trkpt lat="51.5412100" lon="-0.1280928">
    <ele>24.1</ele>
    <time>2024-01-15T07:21:50Z</time>
    <extensions>
      <gpxtpx:TrackPointExtension>
        <gpxtpx:hr>169</gpxtpx:hr>
      </gpxtpx:TrackPointExtension>
    </extensions>
  </trkpt>
  <trkpt lat="51.5413900" lon="-0.1280971">
    <ele>24.7</ele>
    <time>2024-01-15T07:21:55Z</time>
    <extensions>
      <gpxtpx:TrackPointExtension>
        <gpxtpx:hr>169</gpxtpx:hr>
      </gpxtpx:TrackPointExtension>
    </extensions>
  </trkpt>
  <trkpt lat="51.5415111" lon="-0.1280945">
    <ele>24.5</ele>
    <time>2024-01-15T07:22:00Z</time>
    <extensions>
      <gpxtpx:TrackPointExtension>
        <gpxtpx:hr>165</gpxtpx:hr>
      </gpxtpx:TrackPointExtension>
    </extensions>
  </trkpt>
  <trkpt lat="51.5416249" lon="-0.1280983">
    <ele>25.0</ele>
    <time>2024-01-15T07:22:05Z</time>
    <extensions>
      <gpxtpx:TrackPointExtension>
        <gpxtpx:hr>163</gpxtpx:hr>
      </gpxtpx:TrackPointExtension>
    </extensions>
  </trkpt>
  <trkpt lat="51.5417366" lon="-0.1280926">
    <ele>24.6</ele>
    <time>2024-01-15T07:22:10Z</time>
    <extensions>
      <gpxtpx:TrackPointExtension>
        <gpxtpx:hr>160</gpxtpx:hr>
      </gpxtpx:TrackPointExtension>
    </extensions>
  </trkpt>
  <trkpt lat="51.5418605" lon="-0.1280352">
    <ele>24.8</ele>
    <time>2024-01-15T07:22:15Z</time>
    <extensions>
      <gpxtpx:TrackPointExtension>
        <gpxtpx:hr>156</gpxtpx:hr>
      </gpxtpx:TrackPointExtension>
    </extensions>
  </trkpt>
  <trkpt lat="51.5419779" lon="-0.1280405">
    <ele>24.4</ele>
    <time>2024-01-15T07:22:20Z</time>
    <extensions>
      <gpxtpx:TrackPointExtension>
        <gpxtpx:hr>153</gpxtpx:hr>
      </gpxtpx:TrackPointExtension>
    </extensions>
  </trkpt>
  <trkpt lat="51.5420990" lon="-0.1280676">
    <ele>24.7</ele>
    <time>2024-01-15T07:22:25Z</time>
    <extensions>
      <gpxtpx:TrackPointExtension>
        <gpxtpx:hr>151</gpxtpx:hr>
      </gpxtpx:TrackPointExtension>
    </extensions>
  </trkpt>
  <trkpt lat="51.5422183" lon="-0.1280634">
    <ele>25.2</ele>
    <time>2024-01-15T07:22:30Z</time>
    <extensions>
      <gpxtpx:TrackPointExtension>
        <gpxtpx:hr>149</gpxtpx:hr>
      </gpxtpx:TrackPointExtension>
    </extensions>
  </trkpt>
  <trkpt lat="51.5423359" lon="-0.1280592">
    <ele>25.2</ele>
    <time>2024-01-15T07:22:35Z</time>
    <extensions>
      <gpxtpx:TrackPointExtension>
        <gpxtpx:hr>146</gpxtpx:hr>
      </gpxtpx:TrackPointExtension>
    </extensions>
  </trkpt>
  <trkpt lat="51.5424536" lon="-0.1280515">
    <ele>24.9</ele>
    <time>2024-01-15T07:22:40Z</time>
    <extensions>
      <gpxtpx:TrackPointExtension>
        <gpxtpx:hr>146</gpxtpx:hr>
      </gpxtpx:TrackPointExtension>
    </extensions>
  </trkpt>
  <trkpt lat="51.5425680" lon="-0.1280585">
    <ele>25.3</ele>
    <time>2024-01-15T07:22:45Z</time>
    <extensions>
      <gpxtpx:TrackPointExtension>
        <gpxtpx:hr>146</gpxtpx:hr>
      </gpxtpx:TrackPointExtension>
    </extensions>
  </trkpt>
  <trkpt lat="51.5426809" lon="-0.1280800">
    <ele>24.8</ele>
    <time>2024-01-15T07:22:50Z</time>
    <extensions>
      <gpxtpx:TrackPointExtension>
        <gpxtpx:hr>144</gpxtpx:hr>
      </gpxtpx:TrackPointExtension>
    </extensions>
  </trkpt>
  <trkpt lat="51.5427978" lon="-0.1280716">
    <ele>25.4</ele>
    <time>2024-01-15T07:22:55Z</time>
    <extensions>
      <gpxtpx:TrackPointExtension>
        <gpxtpx:hr>142</gpxtpx:hr>
      </gpxtpx:TrackPointExtension>
    </extensions>
  </trkpt>
  <trkpt lat="51.5429132" lon="-0.1281089">
    <ele>24.2</ele>
    <time>2024-01-15T07:23:00Z</time>
    <extensions>
      <gpxtpx:TrackPointExtension>
        <gpxtpx:hr>141</gpxtpx:hr>
      </gpxtpx:TrackPointExtension>
    </extensions>
  </trkpt>
  <trkpt lat="51.5430329" lon="-0.1281195">
    <ele>24.9</ele>
    <time>2024-01-15T07:23:05Z</time>
    <extensions>
      <gpxtpx:TrackPointExtension>
        <gpxtpx:hr>140</gpxtpx:hr>
      </gpxtpx:TrackPointExtension>
    </extensions>
  </trkpt>
  <trkpt lat="51.5431505" lon="-0.1281307">
    <ele>25.3</ele>
    <time>2024-01-15T07:23:10Z</time>
    <extensions>
      <gpxtpx:TrackPointExtension>
        <gpxtpx:hr>141</gpxtpx:hr>
      </gpxtpx:TrackPointExtension>
    </extensions>
  </trkpt>
  <trkpt lat="51.5432725" lon="-0.1281061">
    <ele>24.7</ele>
    <time>2024-01-15T07:23:15Z</time>
    <extensions>
      <gpxtpx:TrackPointExtension>
        <gpxtpx:hr>138</gpxtpx:hr>
      </gpxtpx:TrackPointExtension>
    </extensions>
  </trkpt>
  <trkpt lat="51.5433804" lon="-0.1281450">
    <ele>24.6</ele>
    <time>2024-01-15T07:23:20Z</time>
    <extensions>
      <gpxtpx:TrackPointExtension>
        <gpxtpx:hr>139</gpxtpx:hr>
      </gpxtpx:TrackPointExtension>
    </extensions>
  </trkpt>
  <trkpt lat="51.5434966" lon="-0.1281484">
    <ele>24.7</ele>
    <time>2024-01-15T07:23:25Z</time>
    <extensions>
      <gpxtpx:TrackPointExtension>
        <gpxtpx:hr>140</gpxtpx:hr>
      </gpxtpx:TrackPointExtension>
    </extensions>
  </trkpt>
  <trkpt lat="51.5436125" lon="-0.1281367">
    <ele>24.7</ele>
    <time>2024-01-15T07:23:30Z</time>
    <extensions>
      <gpxtpx:TrackPointExtension>
        <gpxtpx:hr>139</gpxtpx:hr>
      </gpxtpx:TrackPointExtension>
    </extensions>
  </trkpt>
  <trkpt lat="51.5437283" lon="-0.1281350">
    <ele>24.6</ele>
    <time>2024-01-15T07:23:35Z</time>
    <extensions>
      <gpxtpx:TrackPointExtension>
        <gpxtpx:hr>140</gpxtpx:hr>
      </gpxtpx:TrackPointExtension>
    </extensions>
  </trkpt>
  <trkpt lat="51.5438463" lon="-0.1281288">
    <ele>24.8</ele>
    <time>2024-01-15T07:23:40Z</time>
    <extensions>
      <gpxtpx:TrackPointExtension>
        <gpxtpx:hr>139</gpxtpx:hr>
      </gpxtpx:TrackPointExtension>
    </extensions>
  </trkpt>
  <trkpt lat="51.5439619" lon="-0.1281418">
    <ele>25.0</ele>
    <time>2024-01-15T07:23:45Z</time>
    <extensions>
      <gpxtpx:TrackPointExtension>
        <gpxtpx:hr>138</gpxtpx:hr>
      </gpxtpx:TrackPointExtension>
    </extensions>
  </trkpt>
  <trkpt lat="51.5440835" lon="-0.1281190">
    <ele>24.4</ele>
    <time>2024-01-15T07:23:50Z</time>
    <extensions>
      <gpxtpx:TrackPointExtension>
        <gpxtpx:hr>138</gpxtpx:hr>
      </gpxtpx:TrackPointExtension>
    </extensions>
  </trkpt>
  <trkpt lat="51.5441975" lon="-0.1281159">
    <ele>25.1</ele>
    <time>2024-01-15T07:23:55Z</time>
    <extensions>
      <gpxtpx:TrackPointExtension>
        <gpxtpx:hr>138</gpxtpx:hr>
      </gpxtpx:TrackPointExtension>
    </extensions>
  </trkpt>
  <trkpt lat="51.5443685" lon="-0.1281354">
    <ele>24.4</ele>
    <time>2024-01-15T07:24:00Z</time>
    <extensions>
      <gpxtpx:TrackPointExtension>
        <gpxtpx:hr>141</gpxtpx:hr>
      </gpxtpx:TrackPointExtension>
    </extensions>
  </trkpt>
  <trkpt lat="51.5445441" lon="-0.1281273">
    <ele>24.5</ele>
    <time>2024-01-15T07:24:05Z</time>
    <extensions>
      <gpxtpx:TrackPointExtension>
        <gpxtpx:hr>143</gpxtpx:hr>
      </gpxtpx:TrackPointExtension>
    </extensions>
  </trkpt>
  <trkpt lat="51.5447196" lon="-0.1281175">
    <ele>24.2</ele>
    <time>2024-01-15T07:24:10Z</time>
    <extensions>
      <gpxtpx:TrackPointExtension>
        <gpxtpx:hr>145</gpxtpx:hr>
      </gpxtpx:TrackPointExtension>
    </extensions>
  </trkpt>
  <trkpt lat="51.5448881" lon="-0.1281247">
    <ele>24.7</ele>
    <time>2024-01-15T07:24:15Z</time>
    <extensions>
      <gpxtpx:TrackPointExtension>
        <gpxtpx:hr>147</gpxtpx:hr>
      </gpxtpx:TrackPointExtension>
    </extensions>
  </trkpt>
  <trkpt lat="51.5450460" lon="-0.1281236">
    <ele>24.5</ele>
    <time>2024-01-15T07:24:20Z</time>
    <extensions>
      <gpxtpx:TrackPointExtension>
        <gpxtpx:hr>149</gpxtpx:hr>
      </gpxtpx:TrackPointExtension>
    </extensions>
  </trkpt>
  <trkpt lat="51.5452132" lon="-0.1280997">
    <ele>24.3</ele>
    <time>2024-01-15T07:24:25Z</time>
    <extensions>
      <gpxtpx:TrackPointExtension>
        <gpxtpx:hr>152</gpxtpx:hr>
      </gpxtpx:TrackPointExtension>
    </extensions>
  </trkpt>
  <trkpt lat="51.5453753" lon="-0.1280769">
    <ele>23.9</ele>
    <time>2024-01-15T07:24:30Z</time>
    <extensions>
      <gpxtpx:TrackPointExtension>
        <gpxtpx:hr>154</gpxtpx:hr>
      </gpxtpx:TrackPointExtension>
    </extensions>
  </trkpt>
  <trkpt lat="51.5455326" lon="-0.1281166">
    <ele>24.4</ele>
    <time>2024-01-15T07:24:35Z</time>
    <extensions>
      <gpxtpx:TrackPointExtension>
        <gpxtpx:hr>157</gpxtpx:hr>
      </gpxtpx:TrackPointExtension>
    </extensions>
  </trkpt>
  <trkpt lat="51.5456974" lon="-0.1281153">
    <ele>23.7</ele>
    <time>2024-01-15T07:24:40Z</time>
    <extensions>
      <gpxtpx:TrackPointExtension>
        <gpxtpx:hr>160</gpxtpx:hr>
      </gpxtpx:TrackPointExtension>
    </extensions>
  </trkpt>
  <trkpt lat="51.5458782" lon="-0.1281326">
    <ele>23.6</ele>
    <time>2024-01-15T07:24:45Z</time>
    <extensions>
      <gpxtpx:TrackPointExtension>
        <gpxtpx:hr>160</gpxtpx:hr>
      </gpxtpx:TrackPointExtension>
    </extensions>
  </trkpt>
  <trkpt lat="51.5460434" lon="-0.1281290">
    <ele>24.2</ele>
    <time>2024-01-15T07:24:50Z</time>
    <extensions>
      <gpxtpx:TrackPointExtension>
        <gpxtpx:hr>160</gpxtpx:hr>
      </gpxtpx:TrackPointExtension>
    </extensions>
  </trkpt>
  <trkpt lat="51.5462273" lon="-0.1281668">
    <ele>23.5</ele>
    <time>2024-01-15T07:24:55Z</time>
    <extensions>
      <gpxtpx:TrackPointExtension>
        <gpxtpx:hr>161</gpxtpx:hr>
      </gpxtpx:TrackPointExtension>
    </extensions>
  </trkpt>
  <trkpt lat="51.5463896" lon="-0.1281829">
    <ele>23.3</ele>
    <time>2024-01-15T07:25:00Z</time>
    <extensions>
      <gpxtpx:TrackPointExtension>
        <gpxtpx:hr>161</gpxtpx:hr>
      </gpxtpx:TrackPointExtension>
    </extensions>
  </trkpt>
  <trkpt lat="51.5465644" lon="-0.1281682">
    <ele>23.6</ele>
    <time>2024-01-15T07:25:05Z</time>
    <extensions>
      <gpxtpx:TrackPointExtension>
        <gpxtpx:hr>161</gpxtpx:hr>
      </gpxtpx:TrackPointExtension>
    </extensions>
  </trkpt>
  <trkpt lat="51.5467249" lon="-0.1281413">
    <ele>23.4</ele>
    <time>2024-01-15T07:25:10Z</time>
    <extensions>
      <gpxtpx:TrackPointExtension>
        <gpxtpx:hr>163</gpxtpx:hr>
      </gpxtpx:TrackPointExtension>
    </extensions>
  </trkpt>
  <trkpt lat="51.5468836" lon="-0.1281545">
    <ele>22.5</ele>
    <time>2024-01-15T07:25:15Z</time>
    <extensions>
      <gpxtpx:TrackPointExtension>
        <gpxtpx:hr>163</gpxtpx:hr>
      </gpxtpx:TrackPointExtension>
    </extensions>
  </trkpt>
  <trkpt lat="51.5470472" lon="-0.1281722">
    <ele>23.1</ele>
    <time>2024-01-15T07:25:20Z</time>
    <extensions>
      <gpxtpx:TrackPointExtension>
        <gpxtpx:hr>164</gpxtpx:hr>
      </gpxtpx:TrackPointExtension>
    </extensions>
  </trkpt>
  <trkpt lat="51.5472306" lon="-0.1282021">
    <ele>22.6</ele>
    <time>2024-01-15T07:25:25Z</time>
    <extensions>
      <gpxtpx:TrackPointExtension>
        <gpxtpx:hr>164</gpxtpx:hr>
      </gpxtpx:TrackPointExtension>
    </extensions>
  </trkpt>
  <trkpt lat="51.5473956" lon="-0.1282328">
    <ele>22.1</ele>
    <time>2024-01-15T07:25:30Z</time>
    <extensions>
      <gpxtpx:TrackPointExtension>
        <gpxtpx:hr>164</gpxtpx:hr>
      </gpxtpx:TrackPointExtension>
    </extensions>
  </trkpt>
  <trkpt lat="51.5475904" lon="-0.1282103">
    <ele>22.2</ele>
    <time>2024-01-15T07:25:35Z</time>
    <extensions>
      <gpxtpx:TrackPointExtension>
        <gpxtpx:hr>164</gpxtpx:hr>
      </gpxtpx:TrackPointExtension>
    </extensions>
  </trkpt>
  <trkpt lat="51.5477747" lon="-0.1282521">
    <ele>22.1</ele>
    <time>2024-01-15T07:25:40Z</time>
    <extensions>
      <gpxtpx:TrackPointExtension>
        <gpxtpx:hr>164</gpxtpx:hr>
      </gpxtpx:TrackPointExtension>
    </extensions>
  </trkpt>
  <trkpt lat="51.5479312" lon="-0.1282408">
    <ele>22.3</ele>
    <time>2024-01-15T07:25:45Z</time>
    <extensions>
      <gpxtpx:TrackPointExtension>
        <gpxtpx:hr>164</gpxtpx:hr>
      </gpxtpx:TrackPointExtension>
    </extensions>
  </trkpt>
  <trkpt lat="51.5480865" lon="-0.1282305">
    <ele>22.2</ele>
    <time>2024-01-15T07:25:50Z</time>
    <extensions>
      <gpxtpx:TrackPointExtension>
        <gpxtpx:hr>164</gpxtpx:hr>
      </gpxtpx:TrackPointExtension>
    </extensions>
  </trkpt>
  <trkpt lat="51.5482358" lon="-0.1282146">
    <ele>22.0</ele>
    <time>2024-01-15T07:25:55Z</time>
    <extensions>
      <gpxtpx:TrackPointExtension>
        <gpxtpx:hr>166</gpxtpx:hr>
      </gpxtpx:TrackPointExtension>
    </extensions>
  </trkpt>
  <trkpt lat="51.5483937" lon="-0.1282423">
    <ele>21.6</ele>
    <time>2024-01-15T07:26:00Z</time>
    <extensions>
      <gpxtpx:TrackPointExtension>
        <gpxtpx:hr>165</gpxtpx:hr>
      </gpxtpx:TrackPointExtension>
    </extensions>
  </trkpt>
  <trkpt lat="51.5485814" lon="-0.1282602">
    <ele>21.2</ele>
    <time>2024-01-15T07:26:05Z</time>
    <extensions>
      <gpxtpx:TrackPointExtension>
        <gpxtpx:hr>166</gpxtpx:hr>
      </gpxtpx:TrackPointExtension>
    </extensions>
  </trkpt>
  <trkpt lat="51.5487425" lon="-0.1282952">
    <ele>21.5</ele>
    <time>2024-01-15T07:26:10Z</time>
    <extensions>
      <gpxtpx:TrackPointExtension>
        <gpxtpx:hr>166</gpxtpx:hr>
      </gpxtpx:TrackPointExtension>
    </extensions>
  </trkpt>
  <trkpt lat="51.5489070" lon="-0.1282875">
    <ele>21.4</ele>
    <time>2024-01-15T07:26:15Z</time>
    <extensions>
      <gpxtpx:TrackPointExtension>
        <gpxtpx:hr>168</gpxtpx:hr>
      </gpxtpx:TrackPointExtension>
    </extensions>
  </trkpt>
  <trkpt lat="51.5490842" lon="-0.1282500">
    <ele>20.8</ele>
    <time>2024-01-15T07:26:20Z</time>
    <extensions>
      <gpxtpx:TrackPointExtension>
        <gpxtpx:hr>167</gpxtpx:hr>
      </gpxtpx:TrackPointExtension>
    </extensions>
  </trkpt>
  <trkpt lat="51.5492509" lon="-0.1282212">
    <ele>20.8</ele>
    <time>2024-01-15T07:26:25Z</time>
    <extensions>
      <gpxtpx:TrackPointExtension>
        <gpxtpx:hr>166</gpxtpx:hr>
      </gpxtpx:TrackPointExtension>
    </extensions>
  </trkpt>
  <trkpt lat="51.5494121" lon="-0.1282002">
    <ele>20.8</ele>
    <time>2024-01-15T07:26:30Z</time>
    <extensions>
      <gpxtpx:TrackPointExtension>
        <gpxtpx:hr>166</gpxtpx:hr>
      </gpxtpx:TrackPointExtension>
    </extensions>
  </trkpt>
  <trkpt lat="51.5495872" lon="-0.1281679">
    <ele>19.9</ele>
    <time>2024-01-15T07:26:35Z</time>
    <extensions>
      <gpxtpx:TrackPointExtension>
        <gpxtpx:hr>167</gpxtpx:hr>
      </gpxtpx:TrackPointExtension>
    </extensions>
  </trkpt>
  <trkpt lat="51.5497497" lon="-0.1281632">
    <ele>19.9</ele>
    <time>2024-01-15T07:26:40Z</time>
    <extensions>
      <gpxtpx:TrackPointExtension>
        <gpxtpx:hr>166</gpxtpx:hr>
      </gpxtpx:TrackPointExtension>
    </extensions>
  </trkpt>
  <trkpt lat="51.5499192" lon="-0.1282025">
    <ele>19.6</ele>
    <time>2024-01-15T07:26:45Z</time>
    <extensions>
      <gpxtpx:TrackPointExtension>
        <gpxtpx:hr>168</gpxtpx:hr>
      </gpxtpx:TrackPointExtension>
    </extensions>
  </trkpt>
  <trkpt lat="51.5500937" lon="-0.1281704">
    <ele>20.0</ele>
    <time>2024-01-15T07:26:50Z</time>
    <extensions>
      <gpxtpx:TrackPointExtension>
        <gpxtpx:hr>169</gpxtpx:hr>
      </gpxtpx:TrackPointExtension>
    </extensions>
  </trkpt>
  <trkpt lat="51.5502452" lon="-0.1281780">
    <ele>19.8</ele>
    <time>2024-01-15T07:26:55Z</time>
    <extensions>
      <gpxtpx:TrackPointExtension>
        <gpxtpx:hr>168</gpxtpx:hr>
      </gpxtpx:TrackPointExtension>
    </extensions>
  </trkpt>
  <trkpt lat="51.5504037" lon="-0.1281863">
    <ele>19.8</ele>
    <time>2024-01-15T07:27:00Z</time>
    <extensions>
      <gpxtpx:TrackPointExtension>
        <gpxtpx:hr>166</gpxtpx:hr>
      </gpxtpx:TrackPointExtension>
    </extensions>
  </trkpt>
  <trkpt lat="51.5505643" lon="-0.1282218">
    <ele>18.8</ele>
    <time>2024-01-15T07:27:05Z</time>
    <extensions>
      <gpxtpx:TrackPointExtension>
        <gpxtpx:hr>167</gpxtpx:hr>
      </gpxtpx:TrackPointExtension>
    </extensions>
  </trkpt>
  <trkpt lat="51.5507367" lon="-0.1282530">
    <ele>18.8</ele>
    <time>2024-01-15T07:27:10Z</time>
    <extensions>
      <gpxtpx:TrackPointExtension>
        <gpxtpx:hr>167</gpxtpx:hr>
      </gpxtpx:TrackPointExtension>
    </extensions>
  </trkpt>
  <trkpt lat="51.5509107" lon="-0.1282327">
    <ele>19.0</ele>
    <time>2024-01-15T07:27:15Z</time>
    <extensions>
      <gpxtpx:TrackPointExtension>
        <gpxtpx:hr>167</gpxtpx:hr>
      </gpxtpx:TrackPointExtension>
    </extensions>
  </trkpt>
  <trkpt lat="51.5510662" lon="-0.1282420">
    <ele>18.8</ele>
    <time>2024-01-15T07:27:20Z</time>
    <extensions>
      <gpxtpx:TrackPointExtension>
        <gpxtpx:hr>167</gpxtpx:hr>
      </gpxtpx:TrackPointExtension>
    </extensions>
  </trkpt>
  <trkpt lat="51.5512160" lon="-0.1282204">
    <ele>18.8</ele>
    <time>2024-01-15T07:27:25Z</time>
    <extensions>
      <gpxtpx:TrackPointExtension>
        <gpxtpx:hr>169</gpxtpx:hr>
      </gpxtpx:TrackPointExtension>
    </extensions>
  </trkpt>
  <trkpt lat="51.5513718" lon="-0.1282651">
    <ele>18.4</ele>
    <time>2024-01-15T07:27:30Z</time>
    <extensions>
      <gpxtpx:TrackPointExtension>
        <gpxtpx:hr>170</gpxtpx:hr>
      </gpxtpx:TrackPointExtension>
    </extensions>
  </trkpt>
  <trkpt lat="51.5515380" lon="-0.1282792">
    <ele>18.3</ele>
    <time>2024-01-15T07:27:35Z</time>
    <extensions>
      <gpxtpx:TrackPointExtension>
        <gpxtpx:hr>169</gpxtpx:hr>
      </gpxtpx:TrackPointExtension>
    </extensions>
  </trkpt>
  <trkpt lat="51.5516960" lon="-0.1283172">
    <ele>17.8</ele>
    <time>2024-01-15T07:27:40Z</time>
    <extensions>
      <gpxtpx:TrackPointExtension>
        <gpxtpx:hr>169</gpxtpx:hr>
      </gpxtpx:TrackPointExtension>
    </extensions>
  </trkpt>
  <trkpt lat="51.5518741" lon="-0.1283060">
    <ele>17.6</ele>
    <time>2024-01-15T07:27:45Z</time>
    <extensions>
      <gpxtpx:TrackPointExtension>
        <gpxtpx:hr>169</gpxtpx:hr>
      </gpxtpx:TrackPointExtension>
    </extensions>
  </trkpt>
  <trkpt lat="51.5520500" lon="-0.1282980">
    <ele>17.3</ele>
    <time>2024-01-15T07:27:50Z</time>
    <extensions>
      <gpxtpx:TrackPointExtension>
        <gpxtpx:hr>169</gpxtpx:hr>
      </gpxtpx:TrackPointExtension>
    </extensions>
  </trkpt>
  <trkpt lat="51.5522267" lon="-0.1283032">
    <ele>17.2</ele>
    <time>2024-01-15T07:27:55Z</time>
    <extensions>
      <gpxtpx:TrackPointExtension>
        <gpxtpx:hr>169</gpxtpx:hr>
      </gpxtpx:TrackPointExtension>
    </extensions>
  </trkpt>
  <trkpt lat="51.5523397" lon="-0.1283182">
    <ele>17.1</ele>
    <time>2024-01-15T07:28:00Z</time>
    <extensions>
      <gpxtpx:TrackPointExtension>
        <gpxtpx:hr>168</gpxtpx:hr>
      </gpxtpx:TrackPointExtension>
    </extensions>
  </trkpt>
  <trkpt lat="51.5524596" lon="-0.1283145">
    <ele>17.5</ele>
    <time>2024-01-15T07:28:05Z</time>
    <extensions>
      <gpxtpx:TrackPointExtension>
        <gpxtpx:hr>164</gpxtpx:hr>
      </gpxtpx:TrackPointExtension>
    </extensions>
  </trkpt>
  <trkpt lat="51.5525662" lon="-0.1283211">
    <ele>17.0</ele>
    <time>2024-01-15T07:28:10Z</time>
    <extensions>
      <gpxtpx:TrackPointExtension>
        <gpxtpx:hr>161</gpxtpx:hr>
      </gpxtpx:TrackPointExtension>
    </extensions>
  </trkpt>
  <trkpt lat="51.5526817" lon="-0.1282945">
    <ele>16.8</ele>
    <time>2024-01-15T07:28:15Z</time>
    <extensions>
      <gpxtpx:TrackPointExtension>
        <gpxtpx:hr>160</gpxtpx:hr>
      </gpxtpx:TrackPointExtension>
    </extensions>
  </trkpt>
  <trkpt lat="51.5527895" lon="-0.1282744">
    <ele>16.8</ele>
    <time>2024-01-15T07:28:20Z</time>
    <extensions>
      <gpxtpx:TrackPointExtension>
        <gpxtpx:hr>158</gpxtpx:hr>
      </gpxtpx:TrackPointExtension>
    </extensions>
  </trkpt>
  <trkpt lat="51.5529047" lon="-0.1282891">
    <ele>16.8</ele>
    <time>2024-01-15T07:28:25Z</time>
    <extensions>
      <gpxtpx:TrackPointExtension>
        <gpxtpx:hr>156</gpxtpx:hr>
      </gpxtpx:TrackPointExtension>
    </extensions>
  </trkpt>
  <trkpt lat="51.5530334" lon="-0.1282699">
    <ele>17.1</ele>
    <time>2024-01-15T07:28:30Z</time>
    <extensions>
      <gpxtpx:TrackPointExtension>
        <gpxtpx:hr>154</gpxtpx:hr>
      </gpxtpx:TrackPointExtension>
    </extensions>
  </trkpt>
  <trkpt lat="51.5531497" lon="-0.1282664">
    <ele>16.8</ele>
    <time>2024-01-15T07:28:35Z</time>
    <extensions>
      <gpxtpx:TrackPointExtension>
        <gpxtpx:hr>153</gpxtpx:hr>
      </gpxtpx:TrackPointExtension>
    </extensions>
  </trkpt>
  <trkpt lat="51.5532637" lon="-0.1282075">
    <ele>16.6</ele>
    <time>2024-01-15T07:28:40Z</time>
    <extensions>
      <gpxtpx:TrackPointExtension>
        <gpxtpx:hr>151</gpxtpx:hr>
      </gpxtpx:TrackPointExtension>
    </extensions>
  </trkpt>
  <trkpt lat="51.5533706" lon="-0.1282213">
    <ele>16.1</ele>
    <time>2024-01-15T07:28:45Z</time>
    <extensions>
      <gpxtpx:TrackPointExtension>
        <gpxtpx:hr>149</gpxtpx:hr>
      </gpxtpx:TrackPointExtension>
    </extensions>
  </trkpt>
  <trkpt lat="51.5534833" lon="-0.1282100">
    <ele>16.0</ele>
    <time>2024-01-15T07:28:50Z</time>
    <extensions>
      <gpxtpx:TrackPointExtension>
        <gpxtpx:hr>148</gpxtpx:hr>
      </gpxtpx:TrackPointExtension>
    </extensions>
  </trkpt>
  <trkpt lat="51.5535937" lon="-0.1281887">
    <ele>16.3</ele>
    <time>2024-01-15T07:28:55Z</time>
    <extensions>
      <gpxtpx:TrackPointExtension>
        <gpxtpx:hr>147</gpxtpx:hr>
      </gpxtpx:TrackPointExtension>
    </extensions>
  </trkpt>
  <trkpt lat="51.5537057" lon="-0.1281821">
    <ele>15.9</ele>
    <time>2024-01-15T07:29:00Z</time>
    <extensions>
      <gpxtpx:TrackPointExtension>
        <gpxtpx:hr>146</gpxtpx:hr>
      </gpxtpx:TrackPointExtension>
    </extensions>
  </trkpt>
  <trkpt lat="51.5538222" lon="-0.1282048">
    <ele>16.3</ele>
    <time>2024-01-15T07:29:05Z</time>
    <extensions>
      <gpxtpx:TrackPointExtension>
        <gpxtpx:hr>146</gpxtpx:hr>
      </gpxtpx:TrackPointExtension>
    </extensions>
  </trkpt>
  <trkpt lat="51.5539382" lon="-0.1281993">
    <ele>16.3</ele>
    <time>2024-01-15T07:29:10Z</time>
    <extensions>
      <gpxtpx:TrackPointExtension>
        <gpxtpx:hr>143</gpxtpx:hr>
      </gpxtpx:TrackPointExtension>
    </extensions>
  </trkpt>
  <trkpt lat="51.5540562" lon="-0.1281968">
    <ele>15.8</ele>
    <time>2024-01-15T07:29:15Z</time>
    <extensions>
      <gpxtpx:TrackPointExtension>
        <gpxtpx:hr>143</gpxtpx:hr>
      </gpxtpx:TrackPointExtension>
    </extensions>
  </trkpt>
  <trkpt lat="51.5541657" lon="-0.1281946">
    <ele>16.1</ele>
    <time>2024-01-15T07:29:20Z</time>
    <extensions>
      <gpxtpx:TrackPointExtension>
        <gpxtpx:hr>142</gpxtpx:hr>
      </gpxtpx:TrackPointExtension>
    </extensions>
  </trkpt>
  <trkpt lat="51.5542882" lon="-0.1281829">
    <ele>16.1</ele>
    <time>2024-01-15T07:29:25Z</time>
    <extensions>
      <gpxtpx:TrackPointExtension>
        <gpxtpx:hr>142</gpxtpx:hr>
      </gpxtpx:TrackPointExtension>
    </extensions>
  </trkpt>
  <trkpt lat="51.5544049" lon="-0.1281897">
    <ele>15.7</ele>
    <time>2024-01-15T07:29:30Z</time>
    <extensions>
      <gpxtpx:TrackPointExtension>
        <gpxtpx:hr>141</gpxtpx:hr>
      </gpxtpx:TrackPointExtension>
    </extensions>
  </trkpt>
  <trkpt lat="51.5545270" lon="-0.1281935">
    <ele>15.7</ele>
    <time>2024-01-15T07:29:35Z</time>
    <extensions>
      <gpxtpx:TrackPointExtension>
        <gpxtpx:hr>142</gpxtpx:hr>
      </gpxtpx:TrackPointExtension>
    </extensions>
  </trkpt>
  <trkpt lat="51.5546474" lon="-0.1281797">
    <ele>15.0</ele>
    <time>2024-01-15T07:29:40Z</time>
    <extensions>
      <gpxtpx:TrackPointExtension>
        <gpxtpx:hr>140</gpxtpx:hr>
      </gpxtpx:TrackPointExtension>
    </extensions>
  </trkpt>
  <trkpt lat="51.5547629" lon="-0.1281763">
    <ele>15.3</ele>
    <time>2024-01-15T07:29:45Z</time>
    <extensions>
      <gpxtpx:TrackPointExtension>
        <gpxtpx:hr>139</gpxtpx:hr>
      </gpxtpx:TrackPointExtension>
    </extensions>
  </trkpt>
  <trkpt lat="51.5548792" lon="-0.1282025">
    <ele>15.0</ele>
    <time>2024-01-15T07:29:50Z</time>
    <extensions>
      <gpxtpx:TrackPointExtension>
        <gpxtpx:hr>139</gpxtpx:hr>
      </gpxtpx:TrackPointExtension>
    </extensions>
  </trkpt>
  <trkpt lat="51.5549955" lon="-0.1281976">
    <ele>15.3</ele>
    <time>2024-01-15T07:29:55Z</time>
    <extensions>
      <gpxtpx:TrackPointExtension>
        <gpxtpx:hr>137</gpxtpx:hr>
      </gpxtpx:TrackPointExtension>
    </extensions>
  </trkpt>
  <trkpt lat="51.5551540" lon="-0.1281581">
    <ele>15.5</ele>
    <time>2024-01-15T07:30:00Z</time>
    <extensions>
      <gpxtpx:TrackPointExtension>
        <gpxtpx:hr>139</gpxtpx:hr>
      </gpxtpx:TrackPointExtension>
    </extensions>
  </trkpt>
  <trkpt lat="51.5553358" lon="-0.1281974">
    <ele>15.5</ele>
    <time>2024-01-15T07:30:05Z</time>
    <extensions>
      <gpxtpx:TrackPointExtension>
        <gpxtpx:hr>143</gpxtpx:hr>
      </gpxtpx:TrackPointExtension>
    </extensions>
  </trkpt>
  <trkpt lat="51.5555121" lon="-0.1281912">
    <ele>15.3</ele>
    <time>2024-01-15T07:30:10Z</time>
    <extensions>
      <gpxtpx:TrackPointExtension>
        <gpxtpx:hr>146</gpxtpx:hr>
      </gpxtpx:TrackPointExtension>
    </extensions>
  </trkpt>
  <trkpt lat="51.5556572" lon="-0.1281771">
    <ele>15.1</ele>
    <time>2024-01-15T07:30:15Z</time>
    <extensions>
      <gpxtpx:TrackPointExtension>
        <gpxtpx:hr>145</gpxtpx:hr>
      </gpxtpx:TrackPointExtension>
    </extensions>
  </trkpt>
  <trkpt lat="51.5558326" lon="-0.1281829">
    <ele>15.0</ele>
    <time>2024-01-15T07:30:20Z</time>
    <extensions>
      <gpxtpx:TrackPointExtension>
        <gpxtpx:hr>148</gpxtpx:hr>
      </gpxtpx:TrackPointExtension>
    </extensions>
  </trkpt>
  <trkpt lat="51.5560125" lon="-0.1281434">
    <ele>14.9</ele>
    <time>2024-01-15T07:30:25Z</time>
    <extensions>
      <gpxtpx:TrackPointExtension>
        <gpxtpx:hr>150</gpxtpx:hr>
      </gpxtpx:TrackPointExtension>
    </extensions>
  </trkpt>
  <trkpt lat="51.5561721" lon="-0.1281261">
    <ele>14.8</ele>
    <time>2024-01-15T07:30:30Z</time>
    <extensions>
      <gpxtpx:TrackPointExtension>
        <gpxtpx:hr>153</gpxtpx:hr>
      </gpxtpx:TrackPointExtension>
    </extensions>
  </trkpt>
  <trkpt lat="51.5563307" lon="-0.1281416">
    <ele>15.0</ele>
    <time>2024-01-15T07:30:35Z</time>
    <extensions>
      <gpxtpx:TrackPointExtension>
        <gpxtpx:hr>156</gpxtpx:hr>
      </gpxtpx:TrackPointExtension>
    </extensions>
  </trkpt>
  <trkpt lat="51.5565273" lon="-0.1281405">
    <ele>15.0</ele>
    <time>2024-01-15T07:30:40Z</time>
    <extensions>
      <gpxtpx:TrackPointExtension>
        <gpxtpx:hr>155</gpxtpx:hr>
      </gpxtpx:TrackPointExtension>
    </extensions>
  </trkpt>
  <trkpt lat="51.5566948" lon="-0.1281513">
    <ele>14.7</ele>
    <time>2024-01-15T07:30:45Z</time>
    <extensions>
      <gpxtpx:TrackPointExtension>
        <gpxtpx:hr>155</gpxtpx:hr>
      </gpxtpx:TrackPointExtension>
    </extensions>
  </trkpt>
  <trkpt lat="51.5568715" lon="-0.1281583">
    <ele>15.2</ele>
    <time>2024-01-15T07:30:50Z</time>
    <extensions>
      <gpxtpx:TrackPointExtension>
        <gpxtpx:hr>158</gpxtpx:hr>
      </gpxtpx:TrackPointExtension>
    </extensions>
  </trkpt>
  <trkpt lat="51.5570438" lon="-0.1281230">
    <ele>15.2</ele>
    <time>2024-01-15T07:30:55Z</time>
    <extensions>
      <gpxtpx:TrackPointExtension>
        <gpxtpx:hr>157</gpxtpx:hr>
      </gpxtpx:TrackPointExtension>
    </extensions>
  </trkpt>
  <trkpt lat="51.5572126" lon="-0.1281166">
    <ele>14.8</ele>
    <time>2024-01-15T07:31:00Z</time>
    <extensions>
      <gpxtpx:TrackPointExtension>
        <gpxtpx:hr>159</gpxtpx:hr>
      </gpxtpx:TrackPointExtension>
    </extensions>
  </trkpt>
  <trkpt lat="51.5573710" lon="-0.1281169">
    <ele>14.9</ele>
    <time>2024-01-15T07:31:05Z</time>
    <extensions>
      <gpxtpx:TrackPointExtension>
        <gpxtpx:hr>162</gpxtpx:hr>
      </gpxtpx:TrackPointExtension>
    </extensions>
  </trkpt>
  <trkpt lat="51.5575248" lon="-0.1281009">
    <ele>15.5</ele>
    <time>2024-01-15T07:31:10Z</time>
    <extensions>
      <gpxtpx:TrackPointExtension>
        <gpxtpx:hr>162</gpxtpx:hr>
      </gpxtpx:TrackPointExtension>
    </extensions>
  </trkpt>
  <trkpt lat="51.5577043" lon="-0.1281653">
    <ele>15.4</ele>
    <time>2024-01-15T07:31:15Z</time>
    <extensions>
      <gpxtpx:TrackPointExtension>
        <gpxtpx:hr>163</gpxtpx:hr>
      </gpxtpx:TrackPointExtension>
    </extensions>
  </trkpt>
  <trkpt lat="51.5578706" lon="-0.1281723">
    <ele>15.3</ele>
    <time>2024-01-15T07:31:20Z</time>
    <extensions>
      <gpxtpx:TrackPointExtension>
        <gpxtpx:hr>165</gpxtpx:hr>
      </gpxtpx:TrackPointExtension>
    </extensions>
  </trkpt>
  <trkpt lat="51.5580450" lon="-0.1281518">
    <ele>15.0</ele>
    <time>2024-01-15T07:31:25Z</time>
    <extensions>
      <gpxtpx:TrackPointExtension>
        <gpxtpx:hr>164</gpxtpx:hr>
      </gpxtpx:TrackPointExtension>
    </extensions>
  </trkpt>
  <trkpt lat="51.5582244" lon="-0.1282152">
    <ele>15.6</ele>
    <time>2024-01-15T07:31:30Z</time>
    <extensions>
      <gpxtpx:TrackPointExtension>
        <gpxtpx:hr>164</gpxtpx:hr>
      </gpxtpx:TrackPointExtension>
    </extensions>
  </trkpt>
  <trkpt lat="51.5584045" lon="-0.1282312">
    <ele>15.5</ele>
    <time>2024-01-15T07:31:35Z</time>
    <extensions>
      <gpxtpx:TrackPointExtension>
        <gpxtpx:hr>163</gpxtpx:hr>
      </gpxtpx:TrackPointExtension>
    </extensions>
  </trkpt>
  <trkpt lat="51.5585713" lon="-0.1282180">
    <ele>15.0</ele>
    <time>2024-01-15T07:31:40Z</time>
    <extensions>
      <gpxtpx:TrackPointExtension>
        <gpxtpx:hr>163</gpxtpx:hr>
      </gpxtpx:TrackPointExtension>
    </extensions>
  </trkpt>
  <trkpt lat="51.5587497" lon="-0.1281940">
    <ele>15.6</ele>
    <time>2024-01-15T07:31:45Z</time>
    <extensions>
      <gpxtpx:TrackPointExtension>
        <gpxtpx:hr>164</gpxtpx:hr>
      </gpxtpx:TrackPointExtension>
    </extensions>
  </trkpt>
  <trkpt lat="51.5589611" lon="-0.1281562">
    <ele>16.2</ele>
    <time>2024-01-15T07:31:50Z</time>
    <extensions>
      <gpxtpx:TrackPointExtension>
        <gpxtpx:hr>164</gpxtpx:hr>
      </gpxtpx:TrackPointExtension>
    </extensions>
  </trkpt>
  <trkpt lat="51.5591338" lon="-0.1281554">
    <ele>15.3</ele>
    <time>2024-01-15T07:31:55Z</time>
    <extensions>
      <gpxtpx:TrackPointExtension>
        <gpxtpx:hr>165</gpxtpx:hr>
      </gpxtpx:TrackPointExtension>
    </extensions>
  </trkpt>
  <trkpt lat="51.5592915" lon="-0.1281718">
    <ele>15.9</ele>
    <time>2024-01-15T07:32:00Z</time>
    <extensions>
      <gpxtpx:TrackPointExtension>
        <gpxtpx:hr>166</gpxtpx:hr>
      </gpxtpx:TrackPointExtension>
    </extensions>
  </trkpt>
  <trkpt lat="51.5594530" lon="-0.1281906">
    <ele>15.9</ele>
    <time>2024-01-15T07:32:05Z</time>
    <extensions>
      <gpxtpx:TrackPointExtension>
        <gpxtpx:hr>166</gpxtpx:hr>
      </gpxtpx:TrackPointExtension>
    </extensions>
  </trkpt>
  <trkpt lat="51.5596460" lon="-0.1282077">
    <ele>15.5</ele>
    <time>2024-01-15T07:32:10Z</time>
    <extensions>
      <gpxtpx:TrackPointExtension>
        <gpxtpx:hr>167</gpxtpx:hr>
      </gpxtpx:TrackPointExtension>
    </extensions>
  </trkpt>
  <trkpt lat="51.5597997" lon="-0.1282233">
    <ele>15.6</ele>
    <time>2024-01-15T07:32:15Z</time>
    <extensions>
      <gpxtpx:TrackPointExtension>
        <gpxtpx:hr>168</gpxtpx:hr>
      </gpxtpx:TrackPointExtension>
    </extensions>
  </trkpt>
  <trkpt lat="51.5599613" lon="-0.1282113">
    <ele>16.5</ele>
    <time>2024-01-15T07:32:20Z</time>
    <extensions>
      <gpxtpx:TrackPointExtension>
        <gpxtpx:hr>169</gpxtpx:hr>
      </gpxtpx:TrackPointExtension>
    </extensions>
  </trkpt>
  <trkpt lat="51.5601153" lon="-0.1282061">
    <ele>16.6</ele>
    <time>2024-01-15T07:32:25Z</time>
    <extensions>
      <gpxtpx:TrackPointExtension>
        <gpxtpx:hr>168</gpxtpx:hr>
      </gpxtpx:TrackPointExtension>
    </extensions>
  </trkpt>
  <trkpt lat="51.5602980" lon="-0.1282190">
    <ele>16.5</ele>
    <time>2024-01-15T07:32:30Z</time>
    <extensions>
      <gpxtpx:TrackPointExtension>
        <gpxtpx:hr>168</gpxtpx:hr>
      </gpxtpx:TrackPointExtension>
    </extensions>
  </trkpt>
  <trkpt lat="51.5604488" lon="-0.1282191">
    <ele>16.4</ele>
    <time>2024-01-15T07:32:35Z</time>
    <extensions>
      <gpxtpx:TrackPointExtension>
        <gpxtpx:hr>167</gpxtpx:hr>
      </gpxtpx:TrackPointExtension>
    </extensions>
  </trkpt>
  <trkpt lat="51.5606137" lon="-0.1282284">
    <ele>16.5</ele>
    <time>2024-01-15T07:32:40Z</time>
    <extensions>
      <gpxtpx:TrackPointExtension>
        <gpxtpx:hr>168</gpxtpx:hr>
      </gpxtpx:TrackPointExtension>
    </extensions>
  </trkpt>
  <trkpt lat="51.5607982" lon="-0.1282145">
    <ele>17.2</ele>
    <time>2024-01-15T07:32:45Z</time>
    <extensions>
      <gpxtpx:TrackPointExtension>
        <gpxtpx:hr>167</gpxtpx:hr>
      </gpxtpx:TrackPointExtension>
    </extensions>
  </trkpt>
  <trkpt lat="51.5609621" lon="-0.1282515">
    <ele>17.6</ele>
    <time>2024-01-15T07:32:50Z</time>
    <extensions>
      <gpxtpx:TrackPointExtension>
        <gpxtpx:hr>168</gpxtpx:hr>
      </gpxtpx:TrackPointExtension>
    </extensions>
  </trkpt>
  <trkpt lat="51.5611547" lon="-0.1282235">
    <ele>17.1</ele>
    <time>2024-01-15T07:32:55Z</time>
    <extensions>
      <gpxtpx:TrackPointExtension>
        <gpxtpx:hr>169</gpxtpx:hr>
      </gpxtpx:TrackPointExtension>
    </extensions>
  </trkpt>
  <trkpt lat="51.5613178" lon="-0.1282106">
    <ele>17.6</ele>
    <time>2024-01-15T07:33:00Z</time>
    <extensions>
      <gpxtpx:TrackPointExtension>
        <gpxtpx:hr>168</gpxtpx:hr>
      </gpxtpx:TrackPointExtension>
    </extensions>
  </trkpt>
  <trkpt lat="51.5615011" lon="-0.1281529">
    <ele>17.0</ele>
    <time>2024-01-15T07:33:05Z</time>
    <extensions>
      <gpxtpx:TrackPointExtension>
        <gpxtpx:hr>169</gpxtpx:hr>
      </gpxtpx:TrackPointExtension>
    </extensions>
  </trkpt>
  <trkpt lat="51.5616680" lon="-0.1281148">
    <ele>17.5</ele>
    <time>2024-01-15T07:33:10Z</time>
    <extensions>
      <gpxtpx:TrackPointExtension>
        <gpxtpx:hr>169</gpxtpx:hr>
      </gpxtpx:TrackPointExtension>
    </extensions>
  </trkpt>
  <trkpt lat="51.5618394" lon="-0.1280826">
    <ele>17.7</ele>
    <time>2024-01-15T07:33:15Z</time>
    <extensions>
      <gpxtpx:TrackPointExtension>
        <gpxtpx:hr>168</gpxtpx:hr>
      </gpxtpx:TrackPointExtension>
    </extensions>
  </trkpt>
  <trkpt lat="51.5620005" lon="-0.1280879">
    <ele>17.4</ele>
    <time>2024-01-15T07:33:20Z</time>
    <extensions>
      <gpxtpx:TrackPointExtension>
        <gpxtpx:hr>167</gpxtpx:hr>
      </gpxtpx:TrackPointExtension>
    </extensions>
  </trkpt>
  <trkpt lat="51.5621861" lon="-0.1281232">
    <ele>17.8</ele>
    <time>2024-01-15T07:33:25Z</time>
    <extensions>
      <gpxtpx:TrackPointExtension>
        <gpxtpx:hr>166</gpxtpx:hr>
      </gpxtpx:TrackPointExtension>
    </extensions>
  </trkpt>
  <trkpt lat="51.5623496" lon="-0.1281217">
    <ele>17.9</ele>
    <time>2024-01-15T07:33:30Z</time>
    <extensions>
      <gpxtpx:TrackPointExtension>
        <gpxtpx:hr>165</gpxtpx:hr>
      </gpxtpx:TrackPointExtension>
    </extensions>
  </trkpt>
  <trkpt lat="51.5625283" lon="-0.1281616">
    <ele>18.6</ele>
    <time>2024-01-15T07:33:35Z</time>
    <extensions>
      <gpxtpx:TrackPointExtension>
        <gpxtpx:hr>164</gpxtpx:hr>
      </gpxtpx:TrackPointExtension>
    </extensions>
  </trkpt>
  <trkpt lat="51.5627124" lon="-0.1281611">
    <ele>19.3</ele>
    <time>2024-01-15T07:33:40Z</time>
    <extensions>
      <gpxtpx:TrackPointExtension>
        <gpxtpx:hr>164</gpxtpx:hr>
      </gpxtpx:TrackPointExtension>
    </extensions>
  </trkpt>
  <trkpt lat="51.5629019" lon="-0.1281552">
    <ele>18.6</ele>
    <time>2024-01-15T07:33:45Z</time>
    <extensions>
      <gpxtpx:TrackPointExtension>
        <gpxtpx:hr>164</gpxtpx:hr>
      </gpxtpx:TrackPointExtension>
    </extensions>
  </trkpt>
  <trkpt lat="51.5630653" lon="-0.1281511">
    <ele>19.1</ele>
    <time>2024-01-15T07:33:50Z</time>
    <extensions>
      <gpxtpx:TrackPointExtension>
        <gpxtpx:hr>163</gpxtpx:hr>
      </gpxtpx:TrackPointExtension>
    </extensions>
  </trkpt>
  <trkpt lat="51.5632279" lon="-0.1281169">
    <ele>19.6</ele>
    <time>2024-01-15T07:33:55Z</time>
    <extensions>
      <gpxtpx:TrackPointExtension>
        <gpxtpx:hr>163</gpxtpx:hr>
      </gpxtpx:TrackPointExtension>
    </extensions>
  </trkpt>
  <trkpt lat="51.5633970" lon="-0.1281706">
    <ele>19.3</ele>
    <time>2024-01-15T07:34:00Z</time>
    <extensions>
      <gpxtpx:TrackPointExtension>
        <gpxtpx:hr>164</gpxtpx:hr>
      </gpxtpx:TrackPointExtension>
    </extensions>
  </trkpt>
  <trkpt lat="51.5635742" lon="-0.1281440">
    <ele>19.8</ele>
    <time>2024-01-15T07:34:05Z</time>
    <extensions>
      <gpxtpx:TrackPointExtension>
        <gpxtpx:hr>164</gpxtpx:hr>
      </gpxtpx:TrackPointExtension>
    </extensions>
  </trkpt>
  <trkpt lat="51.5637420" lon="-0.1281238">
    <ele>19.8</ele>
    <time>2024-01-15T07:34:10Z</time>
    <extensions>
      <gpxtpx:TrackPointExtension>
        <gpxtpx:hr>165</gpxtpx:hr>
      </gpxtpx:TrackPointExtension>
    </extensions>
  </trkpt>
  <trkpt lat="51.5639212" lon="-0.1280973">
    <ele>20.5</ele>
    <time>2024-01-15T07:34:15Z</time>
    <extensions>
      <gpxtpx:TrackPointExtension>
        <gpxtpx:hr>165</gpxtpx:hr>
      </gpxtpx:TrackPointExtension>
    </extensions>
  </trkpt>
  <trkpt lat="51.5640828" lon="-0.1280777">
    <ele>20.0</ele>
    <time>2024-01-15T07:34:20Z</time>
    <extensions>
      <gpxtpx:TrackPointExtension>
        <gpxtpx:hr>165</gpxtpx:hr>
      </gpxtpx:TrackPointExtension>
    </extensions>
  </trkpt>
  <trkpt lat="51.5642486" lon="-0.1281089">
    <ele>20.2</ele>
    <time>2024-01-15T07:34:25Z</time>
    <extensions>
      <gpxtpx:TrackPointExtension>
        <gpxtpx:hr>164</gpxtpx:hr>
      </gpxtpx:TrackPointExtension>
    </extensions>
  </trkpt>
  <trkpt lat="51.5644163" lon="-0.1281035">
    <ele>20.3</ele>
    <time>2024-01-15T07:34:30Z</time>
    <extensions>
      <gpxtpx:TrackPointExtension>
        <gpxtpx:hr>166</gpxtpx:hr>
      </gpxtpx:TrackPointExtension>
    </extensions>
  </trkpt>
  <trkpt lat="51.5645759" lon="-0.1281072">
    <ele>20.7</ele>
    <time>2024-01-15T07:34:35Z</time>
    <extensions>
      <gpxtpx:TrackPointExtension>
        <gpxtpx:hr>166</gpxtpx:hr>
      </gpxtpx:TrackPointExtension>
    </extensions>
  </trkpt>
  <trkpt lat="51.5647694" lon="-0.1281051">
    <ele>20.6</ele>
    <time>2024-01-15T07:34:40Z</time>
    <extensions>
      <gpxtpx:TrackPointExtension>
        <gpxtpx:hr>165</gpxtpx:hr>
      </gpxtpx:TrackPointExtension>
    </extensions>
  </trkpt>
  <trkpt lat="51.5649602" lon="-0.1281187">
    <ele>21.3</ele>
    <time>2024-01-15T07:34:45Z</time>
    <extensions>
      <gpxtpx:TrackPointExtension>
        <gpxtpx:hr>164</gpxtpx:hr>
      </gpxtpx:TrackPointExtension>
    </extensions>
  </trkpt>
  <trkpt lat="51.5651298" lon="-0.1281646">
    <ele>21.5</ele>
    <time>2024-01-15T07:34:50Z</time>
    <extensions>
      <gpxtpx:TrackPointExtension>
        <gpxtpx:hr>163</gpxtpx:hr>
      </gpxtpx:TrackPointExtension>
    </extensions>
  </trkpt>
  <trkpt lat="51.5653035" lon="-0.1281725">
    <ele>21.4</ele>
    <time>2024-01-15T07:34:55Z</time>
    <extensions>
      <gpxtpx:TrackPointExtension>
        <gpxtpx:hr>163</gpxtpx:hr>
      </gpxtpx:TrackPointExtension>
    </extensions>
  </trkpt>
  <trkpt lat="51.5654917" lon="-0.1281738">
    <ele>22.5</ele>
    <time>2024-01-15T07:35:00Z</time>
    <extensions>
      <gpxtpx:TrackPointExtension>
        <gpxtpx:hr>163</gpxtpx:hr>
      </gpxtpx:TrackPointExtension>
    </extensions>
  </trkpt>
  <trkpt lat="51.5656609" lon="-0.1281862">
    <ele>21.7</ele>
    <time>2024-01-15T07:35:05Z</time>
    <extensions>
      <gpxtpx:TrackPointExtension>
        <gpxtpx:hr>165</gpxtpx:hr>
      </gpxtpx:TrackPointExtension>
    </extensions>
  </trkpt>
  <trkpt lat="51.5658250" lon="-0.1282093">
    <ele>21.8</ele>
    <time>2024-01-15T07:35:10Z</time>
    <extensions>
      <gpxtpx:TrackPointExtension>
        <gpxtpx:hr>167</gpxtpx:hr>
      </gpxtpx:TrackPointExtension>
    </extensions>
  </trkpt>
  <trkpt lat="51.5659877" lon="-0.1281797">
    <ele>22.1</ele>
    <time>2024-01-15T07:35:15Z</time>
    <extensions>
      <gpxtpx:TrackPointExtension>
        <gpxtpx:hr>167</gpxtpx:hr>
      </gpxtpx:TrackPointExtension>
    </extensions>
  </trkpt>
  <trkpt lat="51.5661483" lon="-0.1281620">
    <ele>22.3</ele>
    <time>2024-01-15T07:35:20Z</time>
    <extensions>
      <gpxtpx:TrackPointExtension>
        <gpxtpx:hr>166</gpxtpx:hr>
      </gpxtpx:TrackPointExtension>
    </extensions>
  </trkpt>
  <trkpt lat="51.5663263" lon="-0.1281834">
    <ele>22.8</ele>
    <time>2024-01-15T07:35:25Z</time>
    <extensions>
      <gpxtpx:TrackPointExtension>
        <gpxtpx:hr>165</gpxtpx:hr>
      </gpxtpx:TrackPointExtension>
    </extensions>
  </trkpt>
  <trkpt lat="51.5664771" lon="-0.1281202">
    <ele>22.4</ele>
    <time>2024-01-15T07:35:30Z</time>
    <extensions>
      <gpxtpx:TrackPointExtension>
        <gpxtpx:hr>165</gpxtpx:hr>
      </gpxtpx:TrackPointExtension>
    </extensions>
  </trkpt>
  <trkpt lat="51.5666555" lon="-0.1280741">
    <ele>22.7</ele>
    <time>2024-01-15T07:35:35Z</time>
    <extensions>
      <gpxtpx:TrackPointExtension>
        <gpxtpx:hr>164</gpxtpx:hr>
      </gpxtpx:TrackPointExtension>
    </extensions>
  </trkpt>
  <trkpt lat="51.5668288" lon="-0.1280252">
    <ele>23.3</ele>
    <time>2024-01-15T07:35:40Z</time>
    <extensions>
      <gpxtpx:TrackPointExtension>
        <gpxtpx:hr>163</gpxtpx:hr>
      </gpxtpx:TrackPointExtension>
    </extensions>
  </trkpt>
  <trkpt lat="51.5669822" lon="-0.1280294">
    <ele>22.6</ele>
    <time>2024-01-15T07:35:45Z</time>
    <extensions>
      <gpxtpx:TrackPointExtension>
        <gpxtpx:hr>164</gpxtpx:hr>
      </gpxtpx:TrackPointExtension>
    </extensions>
  </trkpt>
  <trkpt lat="51.5671501" lon="-0.1280352">
    <ele>23.3</ele>
    <time>2024-01-15T07:35:50Z</time>
    <extensions>
      <gpxtpx:TrackPointExtension>
        <gpxtpx:hr>162</gpxtpx:hr>
      </gpxtpx:TrackPointExtension>
    </extensions>
  </trkpt>
  <trkpt lat="51.5673130" lon="-0.1280796">
    <ele>23.1</ele>
    <time>2024-01-15T07:35:55Z</time>
    <extensions>
      <gpxtpx:TrackPointExtension>
        <gpxtpx:hr>161</gpxtpx:hr>
      </gpxtpx:TrackPointExtension>
    </extensions>
  </trkpt>
  <trkpt lat="51.5674314" lon="-0.1280854">
    <ele>23.1</ele>
    <time>2024-01-15T07:36:00Z</time>
    <extensions>
      <gpxtpx:TrackPointExtension>
        <gpxtpx:hr>158</gpxtpx:hr>
      </gpxtpx:TrackPointExtension>
    </extensions>
  </trkpt>
  <trkpt lat="51.5675453" lon="-0.1280941">
    <ele>23.5</ele>
    <time>2024-01-15T07:36:05Z</time>
    <extensions>
      <gpxtpx:TrackPointExtension>
        <gpxtpx:hr>155</gpxtpx:hr>
      </gpxtpx:TrackPointExtension>
    </extensions>
  </trkpt>
  <trkpt lat="51.5676584" lon="-0.1280969">
    <ele>23.7</ele>
    <time>2024-01-15T07:36:10Z</time>
    <extensions>
      <gpxtpx:TrackPointExtension>
        <gpxtpx:hr>154</gpxtpx:hr>
      </gpxtpx:TrackPointExtension>
    </extensions>
  </trkpt>
  <trkpt lat="51.5677694" lon="-0.1280747">
    <ele>24.0</ele>
    <time>2024-01-15T07:36:15Z</time>
    <extensions>
      <gpxtpx:TrackPointExtension>
        <gpxtpx:hr>151</gpxtpx:hr>
      </gpxtpx:TrackPointExtension>
    </extensions>
  </trkpt>
  <trkpt lat="51.5678761" lon="-0.1280914">
    <ele>23.7</ele>
    <time>2024-01-15T07:36:20Z</time>
    <extensions>
      <gpxtpx:TrackPointExtension>
        <gpxtpx:hr>149</gpxtpx:hr>
      </gpxtpx:TrackPointExtension>
    </extensions>
  </trkpt>
  <trkpt lat="51.5679893" lon="-0.1280819">
    <ele>24.3</ele>
    <time>2024-01-15T07:36:25Z</time>
    <extensions>
      <gpxtpx:TrackPointExtension>
        <gpxtpx:hr>147</gpxtpx:hr>
      </gpxtpx:TrackPointExtension>
    </extensions>
  </trkpt>
  <trkpt lat="51.5681096" lon="-0.1280846">
    <ele>24.5</ele>
    <time>2024-01-15T07:36:30Z</time>
    <extensions>
      <gpxtpx:TrackPointExtension>
        <gpxtpx:hr>147</gpxtpx:hr>
      </gpxtpx:TrackPointExtension>
    </extensions>
  </trkpt>
  <trkpt lat="51.5682279" lon="-0.1280697">
    <ele>23.6</ele>
    <time>2024-01-15T07:36:35Z</time>
    <extensions>
      <gpxtpx:TrackPointExtension>
        <gpxtpx:hr>146</gpxtpx:hr>
      </gpxtpx:TrackPointExtension>
    </extensions>
  </trkpt>
  <trkpt lat="51.5683487" lon="-0.1280931">
    <ele>24.0</ele>
    <time>2024-01-15T07:36:40Z</time>
    <extensions>
      <gpxtpx:TrackPointExtension>
        <gpxtpx:hr>144</gpxtpx:hr>
      </gpxtpx:TrackPointExtension>
    </extensions>
  </trkpt>
  <trkpt lat="51.5684640" lon="-0.1280694">
    <ele>25.0</ele>
    <time>2024-01-15T07:36:45Z</time>
    <extensions>
      <gpxtpx:TrackPointExtension>
        <gpxtpx:hr>144</gpxtpx:hr>
      </gpxtpx:TrackPointExtension>
    </extensions>
  </trkpt>
  <trkpt lat="51.5685808" lon="-0.1280545">
    <ele>24.7</ele>
    <time>2024-01-15T07:36:50Z</time>
    <extensions>
      <gpxtpx:TrackPointExtension>
        <gpxtpx:hr>143</gpxtpx:hr>
      </gpxtpx:TrackPointExtension>
    </extensions>
  </trkpt>
  <trkpt lat="51.5686984" lon="-0.1280386">
    <ele>24.1</ele>
    <time>2024-01-15T07:36:55Z</time>
    <extensions>
      <gpxtpx:TrackPointExtension>
        <gpxtpx:hr>144</gpxtpx:hr>
      </gpxtpx:TrackPointExtension>
    </extensions>
  </trkpt>
  <trkpt lat="51.5688143" lon="-0.1280292">
    <ele>24.1</ele>
    <time>2024-01-15T07:37:00Z</time>
    <extensions>
      <gpxtpx:TrackPointExtension>
        <gpxtpx:hr>143</gpxtpx:hr>
      </gpxtpx:TrackPointExtension>
    </extensions>
  </trkpt>
  <trkpt lat="51.5689208" lon="-0.1280331">
    <ele>24.3</ele>
    <time>2024-01-15T07:37:05Z</time>
    <extensions>
      <gpxtpx:TrackPointExtension>
        <gpxtpx:hr>144</gpxtpx:hr>
      </gpxtpx:TrackPointExtension>
    </extensions>
  </trkpt>
  <trkpt lat="51.5690374" lon="-0.1280181">
    <ele>24.2</ele>
    <time>2024-01-15T07:37:10Z</time>
    <extensions>
      <gpxtpx:TrackPointExtension>
        <gpxtpx:hr>143</gpxtpx:hr>
      </gpxtpx:TrackPointExtension>
    </extensions>
  </trkpt>
  <trkpt lat="51.5691569" lon="-0.1280129">
    <ele>24.6</ele>
    <time>2024-01-15T07:37:15Z</time>
    <extensions>
      <gpxtpx:TrackPointExtension>
        <gpxtpx:hr>141</gpxtpx:hr>
      </gpxtpx:TrackPointExtension>
    </extensions>
  </trkpt>
  <trkpt lat="51.5692858" lon="-0.1280245">
    <ele>24.5</ele>
    <time>2024-01-15T07:37:20Z</time>
    <extensions>
      <gpxtpx:TrackPointExtension>
        <gpxtpx:hr>140</gpxtpx:hr>
      </gpxtpx:TrackPointExtension>
    </extensions>
  </trkpt>
  <trkpt lat="51.5694069" lon="-0.1280417">
    <ele>25.1</ele>
    <time>2024-01-15T07:37:25Z</time>
    <extensions>
      <gpxtpx:TrackPointExtension>
        <gpxtpx:hr>140</gpxtpx:hr>
      </gpxtpx:TrackPointExtension>
    </extensions>
  </trkpt>
  <trkpt lat="51.5695303" lon="-0.1280472">
    <ele>24.8</ele>
    <time>2024-01-15T07:37:30Z</time>
    <extensions>
      <gpxtpx:TrackPointExtension>
        <gpxtpx:hr>140</gpxtpx:hr>
      </gpxtpx:TrackPointExtension>
    </extensions>
  </trkpt>
  <trkpt lat="51.5696463" lon="-0.1280556">
    <ele>24.7</ele>
    <time>2024-01-15T07:37:35Z</time>
    <extensions>
      <gpxtpx:TrackPointExtension>
        <gpxtpx:hr>140</gpxtpx:hr>
      </gpxtpx:TrackPointExtension>
    </extensions>
  </trkpt>
  <trkpt lat="51.5697748" lon="-0.1280704">
    <ele>25.2</ele>
    <time>2024-01-15T07:37:40Z</time>
    <extensions>
      <gpxtpx:TrackPointExtension>
        <gpxtpx:hr>137</gpxtpx:hr>
      </gpxtpx:TrackPointExtension>
    </extensions>
  </trkpt>
  <trkpt lat="51.5698861" lon="-0.1280845">
    <ele>25.6</ele>
    <time>2024-01-15T07:37:45Z</time>
    <extensions>
      <gpxtpx:TrackPointExtension>
        <gpxtpx:hr>138</gpxtpx:hr>
      </gpxtpx:TrackPointExtension>
    </extensions>
  </trkpt>
  <trkpt lat="51.5700050" lon="-0.1280596">
    <ele>24.8</ele>
    <time>2024-01-15T07:37:50Z</time>
    <extensions>
      <gpxtpx:TrackPointExtension>
        <gpxtpx:hr>138</gpxtpx:hr>
      </gpxtpx:TrackPointExtension>
    </extensions>
  </trkpt>
  <trkpt lat="51.5701267" lon="-0.1280705">
    <ele>24.2</ele>
    <time>2024-01-15T07:37:55Z</time>
    <extensions>
      <gpxtpx:TrackPointExtension>
        <gpxtpx:hr>137</gpxtpx:hr>
      </gpxtpx:TrackPointExtension>
    </extensions>
  </trkpt>
  <trkpt lat="51.5702878" lon="-0.1280788">
    <ele>24.8</ele>
    <time>2024-01-15T07:38:00Z</time>
    <extensions>
      <gpxtpx:TrackPointExtension>
        <gpxtpx:hr>141</gpxtpx:hr>
      </gpxtpx:TrackPointExtension>
    </extensions>
  </trkpt>
  <trkpt lat="51.5704269" lon="-0.1281159">
    <ele>25.2</ele>
    <time>2024-01-15T07:38:05Z</time>
    <extensions>
      <gpxtpx:TrackPointExtension>
        <gpxtpx:hr>143</gpxtpx:hr>
      </gpxtpx:TrackPointExtension>
    </extensions>
  </trkpt>
  <trkpt lat="51.5705710" lon="-0.1281389">
    <ele>24.7</ele>
    <time>2024-01-15T07:38:10Z</time>
    <extensions>
      <gpxtpx:TrackPointExtension>
        <gpxtpx:hr>147</gpxtpx:hr>
      </gpxtpx:TrackPointExtension>
    </extensions>
  </trkpt>
  <trkpt lat="51.5707246" lon="-0.1281371">
    <ele>25.5</ele>
    <time>2024-01-15T07:38:15Z</time>
    <extensions>
      <gpxtpx:TrackPointExtension>
        <gpxtpx:hr>151</gpxtpx:hr>
      </gpxtpx:TrackPointExtension>
    </extensions>
  </trkpt>
  <trkpt lat="51.5708990" lon="-0.1280547">
    <ele>24.9</ele>
    <time>2024-01-15T07:38:20Z</time>
    <extensions>
      <gpxtpx:TrackPointExtension>
        <gpxtpx:hr>152</gpxtpx:hr>
      </gpxtpx:TrackPointExtension>
    </extensions>
  </trkpt>
  <trkpt lat="51.5710479" lon="-0.1280723">
    <ele>25.0</ele>
    <time>2024-01-15T07:38:25Z</time>
    <extensions>
      <gpxtpx:TrackPointExtension>
        <gpxtpx:hr>153</gpxtpx:hr>
      </gpxtpx:TrackPointExtension>
    </extensions>
  </trkpt>
  <trkpt lat="51.5712098" lon="-0.1280622">
    <ele>25.1</ele>
    <time>2024-01-15T07:38:30Z</time>
    <extensions>
      <gpxtpx:TrackPointExtension>
        <gpxtpx:hr>154</gpxtpx:hr>
      </gpxtpx:TrackPointExtension>
    </extensions>
  </trkpt>
  <trkpt lat="51.5713699" lon="-0.1280235">
    <ele>24.6</ele>
    <time>2024-01-15T07:38:35Z</time>
    <extensions>
      <gpxtpx:TrackPointExtension>
        <gpxtpx:hr>155</gpxtpx:hr>
      </gpxtpx:TrackPointExtension>
    </extensions>
  </trkpt>
  <trkpt lat="51.5715364" lon="-0.1280401">
    <ele>24.5</ele>
    <time>2024-01-15T07:38:40Z</time>
    <extensions>
      <gpxtpx:TrackPointExtension>
        <gpxtpx:hr>158</gpxtpx:hr>
      </gpxtpx:TrackPointExtension>
    </extensions>
  </trkpt>
  <trkpt lat="51.5716972" lon="-0.1280677">
    <ele>25.2</ele>
    <time>2024-01-15T07:38:45Z</time>
    <extensions>
      <gpxtpx:TrackPointExtension>
        <gpxtpx:hr>160</gpxtpx:hr>
      </gpxtpx:TrackPointExtension>
    </extensions>
  </trkpt>
  <trkpt lat="51.5718616" lon="-0.1280543">
    <ele>25.1</ele>
    <time>2024-01-15T07:38:50Z</time>
    <extensions>
      <gpxtpx:TrackPointExtension>
        <gpxtpx:hr>161</gpxtpx:hr>
      </gpxtpx:TrackPointExtension>
    </extensions>
  </trkpt>
  <trkpt lat="51.5720290" lon="-0.1280347">
    <ele>24.1</ele>
    <time>2024-01-15T07:38:55Z</time>
    <extensions>
      <gpxtpx:TrackPointExtension>
        <gpxtpx:hr>161</gpxtpx:hr>
      </gpxtpx:TrackPointExtension>
    </extensions>
  </trkpt>
  <trkpt lat="51.5722018" lon="-0.1279925">
    <ele>24.9</ele>
    <time>2024-01-15T07:39:00Z</time>
    <extensions>
      <gpxtpx:TrackPointExtension>
        <gpxtpx:hr>164</gpxtpx:hr>
      </gpxtpx:TrackPointExtension>
    </extensions>
  </trkpt>
  <trkpt lat="51.5723700" lon="-0.1280016">
    <ele>25.0</ele>
    <time>2024-01-15T07:39:05Z</time>
    <extensions>
      <gpxtpx:TrackPointExtension>
        <gpxtpx:hr>165</gpxtpx:hr>
      </gpxtpx:TrackPointExtension>
    </extensions>
  </trkpt>
  <trkpt lat="51.5725485" lon="-0.1279826">
    <ele>24.5</ele>
    <time>2024-01-15T07:39:10Z</time>
    <extensions>
      <gpxtpx:TrackPointExtension>
        <gpxtpx:hr>166</gpxtpx:hr>
      </gpxtpx:TrackPointExtension>
    </extensions>
  </trkpt>
  <trkpt lat="51.5727175" lon="-0.1279700">
    <ele>24.5</ele>
    <time>2024-01-15T07:39:15Z</time>
    <extensions>
      <gpxtpx:TrackPointExtension>
        <gpxtpx:hr>167</gpxtpx:hr>
      </gpxtpx:TrackPointExtension>
    </extensions>
  </trkpt>
  <trkpt lat="51.5728904" lon="-0.1279829">
    <ele>24.7</ele>
    <time>2024-01-15T07:39:20Z</time>
    <extensions>
      <gpxtpx:TrackPointExtension>
        <gpxtpx:hr>168</gpxtpx:hr>
      </gpxtpx:TrackPointExtension>
    </extensions>
  </trkpt>
  <trkpt lat="51.5730574" lon="-0.1280195">
    <ele>24.7</ele>
    <time>2024-01-15T07:39:25Z</time>
    <extensions>
      <gpxtpx:TrackPointExtension>
        <gpxtpx:hr>167</gpxtpx:hr>
      </gpxtpx:TrackPointExtension>
    </extensions>
  </trkpt>
  <trkpt lat="51.5732391" lon="-0.1280129">
    <ele>24.3</ele>
    <time>2024-01-15T07:39:30Z</time>
    <extensions>
      <gpxtpx:TrackPointExtension>
        <gpxtpx:hr>166</gpxtpx:hr>
      </gpxtpx:TrackPointExtension>
    </extensions>
  </trkpt>
  <trkpt lat="51.5734056" lon="-0.1279680">
    <ele>24.3</ele>
    <time>2024-01-15T07:39:35Z</time>
    <extensions>
      <gpxtpx:TrackPointExtension>
        <gpxtpx:hr>167</gpxtpx:hr>
      </gpxtpx:TrackPointExtension>
    </extensions>
  </trkpt>
  <trkpt lat="51.5735906" lon="-0.1279527">
    <ele>24.4</ele>
    <time>2024-01-15T07:39:40Z</time>
    <extensions>
      <gpxtpx:TrackPointExtension>
        <gpxtpx:hr>168</gpxtpx:hr>
      </gpxtpx:TrackPointExtension>
    </extensions>
  </trkpt>
  <trkpt lat="51.5737454" lon="-0.1279409">
    <ele>24.1</ele>
    <time>2024-01-15T07:39:45Z</time>
    <extensions>
      <gpxtpx:TrackPointExtension>
        <gpxtpx:hr>167</gpxtpx:hr>
      </gpxtpx:TrackPointExtension>
    </extensions>
  </trkpt>
  <trkpt lat="51.5739066" lon="-0.1279222">
    <ele>24.0</ele>
    <time>2024-01-15T07:39:50Z</time>
    <extensions>
      <gpxtpx:TrackPointExtension>
        <gpxtpx:hr>166</gpxtpx:hr>
      </gpxtpx:TrackPointExtension>
    </extensions>
  </trkpt>
  <trkpt lat="51.5740694" lon="-0.1278889">
    <ele>24.1</ele>
    <time>2024-01-15T07:39:55Z</time>
    <extensions>
      <gpxtpx:TrackPointExtension>
        <gpxtpx:hr>168</gpxtpx:hr>
      </gpxtpx:TrackPointExtension>
    </extensions>
  </trkpt>
  <trkpt lat="51.5742320" lon="-0.1279157">
    <ele>23.8</ele>
    <time>2024-01-15T07:40:00Z</time>
    <extensions>
      <gpxtpx:TrackPointExtension>
        <gpxtpx:hr>166</gpxtpx:hr>
      </gpxtpx:TrackPointExtension>
    </extensions>
  </trkpt>
  <trkpt lat="51.5743880" lon="-0.1279058">
    <ele>23.3</ele>
    <time>2024-01-15T07:40:05Z</time>
    <extensions>
      <gpxtpx:TrackPointExtension>
        <gpxtpx:hr>167</gpxtpx:hr>
      </gpxtpx:TrackPointExtension>
    </extensions>
  </trkpt>
  <trkpt lat="51.5745728" lon="-0.1278724">
    <ele>23.2</ele>
    <time>2024-01-15T07:40:10Z</time>
    <extensions>
      <gpxtpx:TrackPointExtension>
        <gpxtpx:hr>167</gpxtpx:hr>
      </gpxtpx:TrackPointExtension>
    </extensions>
  </trkpt>
  <trkpt lat="51.5747304" lon="-0.1278659">
    <ele>23.8</ele>
    <time>2024-01-15T07:40:15Z</time>
    <extensions>
      <gpxtpx:TrackPointExtension>
        <gpxtpx:hr>170</gpxtpx:hr>
      </gpxtpx:TrackPointExtension>
    </extensions>
  </trkpt>
  <trkpt lat="51.5748935" lon="-0.1278699">
    <ele>23.3</ele>
    <time>2024-01-15T07:40:20Z</time>
    <extensions>
      <gpxtpx:TrackPointExtension>
        <gpxtpx:hr>170</gpxtpx:hr>
      </gpxtpx:TrackPointExtension>
    </extensions>
  </trkpt>
  <trkpt lat="51.5750780" lon="-0.1278423">
    <ele>22.3</ele>
    <time>2024-01-15T07:40:25Z</time>
    <extensions>
      <gpxtpx:TrackPointExtension>
        <gpxtpx:hr>170</gpxtpx:hr>
      </gpxtpx:TrackPointExtension>
    </extensions>
  </trkpt>
  <trkpt lat="51.5752522" lon="-0.1278656">
    <ele>23.0</ele>
    <time>2024-01-15T07:40:30Z</time>
    <extensions>
      <gpxtpx:TrackPointExtension>
        <gpxtpx:hr>171</gpxtpx:hr>
      </gpxtpx:TrackPointExtension>
    </extensions>
  </trkpt>
  <trkpt lat="51.5754040" lon="-0.1279044">
    <ele>23.2</ele>
    <time>2024-01-15T07:40:35Z</time>
    <extensions>
      <gpxtpx:TrackPointExtension>
        <gpxtpx:hr>170</gpxtpx:hr>
      </gpxtpx:TrackPointExtension>
    </extensions>
  </trkpt>
  <trkpt lat="51.5755785" lon="-0.1279341">
    <ele>22.5</ele>
    <time>2024-01-15T07:40:40Z</time>
    <extensions>
      <gpxtpx:TrackPointExtension>
        <gpxtpx:hr>169</gpxtpx:hr>
      </gpxtpx:TrackPointExtension>
    </extensions>
  </trkpt>
  <trkpt lat="51.5757395" lon="-0.1279052">
    <ele>22.5</ele>
    <time>2024-01-15T07:40:45Z</time>
    <extensions>
      <gpxtpx:TrackPointExtension>
        <gpxtpx:hr>167</gpxtpx:hr>
      </gpxtpx:TrackPointExtension>
    </extensions>
  </trkpt>
  <trkpt lat="51.5759062" lon="-0.1279030">
    <ele>22.4</ele>
    <time>2024-01-15T07:40:50Z</time>
    <extensions>
      <gpxtpx:TrackPointExtension>
        <gpxtpx:hr>168</gpxtpx:hr>
      </gpxtpx:TrackPointExtension>
    </extensions>
  </trkpt>
  <trkpt lat="51.5760797" lon="-0.1279340">
    <ele>22.1</ele>
    <time>2024-01-15T07:40:55Z</time>
    <extensions>
      <gpxtpx:TrackPointExtension>
        <gpxtpx:hr>166</gpxtpx:hr>
      </gpxtpx:TrackPointExtension>
    </extensions>
  </trkpt>
  <trkpt lat="51.5762464" lon="-0.1279093">
    <ele>22.8</ele>
    <time>2024-01-15T07:41:00Z</time>
    <extensions>
      <gpxtpx:TrackPointExtension>
        <gpxtpx:hr>166</gpxtpx:hr>
      </gpxtpx:TrackPointExtension>
    </extensions>
  </trkpt>
  <trkpt lat="51.5764141" lon="-0.1279223">
    <ele>21.6</ele>
    <time>2024-01-15T07:41:05Z</time>
    <extensions>
      <gpxtpx:TrackPointExtension>
        <gpxtpx:hr>167</gpxtpx:hr>
      </gpxtpx:TrackPointExtension>
    </extensions>
  </trkpt>
  <trkpt lat="51.5765786" lon="-0.1279770">
    <ele>21.7</ele>
    <time>2024-01-15T07:41:10Z</time>
    <extensions>
      <gpxtpx:TrackPointExtension>
        <gpxtpx:hr>168</gpxtpx:hr>
      </gpxtpx:TrackPointExtension>
    </extensions>
  </trkpt>
  <trkpt lat="51.5767431" lon="-0.1279729">
    <ele>21.3</ele>
    <time>2024-01-15T07:41:15Z</time>
    <extensions>
      <gpxtpx:TrackPointExtension>
        <gpxtpx:hr>166</gpxtpx:hr>
      </gpxtpx:TrackPointExtension>
    </extensions>
  </trkpt>
  <trkpt lat="51.5768942" lon="-0.1279609">
    <ele>21.5</ele>
    <time>2024-01-15T07:41:20Z</time>
    <extensions>
      <gpxtpx:TrackPointExtension>
        <gpxtpx:hr>166</gpxtpx:hr>
      </gpxtpx:TrackPointExtension>
    </extensions>
  </trkpt>
  <trkpt lat="51.5770566" lon="-0.1279098">
    <ele>21.3</ele>
    <time>2024-01-15T07:41:25Z</time>
    <extensions>
      <gpxtpx:TrackPointExtension>
        <gpxtpx:hr>167</gpxtpx:hr>
      </gpxtpx:TrackPointExtension>
    </extensions>
  </trkpt>
  <trkpt lat="51.5772286" lon="-0.1278604">
    <ele>20.8</ele>
    <time>2024-01-15T07:41:30Z</time>
    <extensions>
      <gpxtpx:TrackPointExtension>
        <gpxtpx:hr>167</gpxtpx:hr>
      </gpxtpx:TrackPointExtension>
    </extensions>
  </trkpt>
  <trkpt lat="51.5774102" lon="-0.1278856">
    <ele>21.1</ele>
    <time>2024-01-15T07:41:35Z</time>
    <extensions>
      <gpxtpx:TrackPointExtension>
        <gpxtpx:hr>167</gpxtpx:hr>
      </gpxtpx:TrackPointExtension>
    </extensions>
  </trkpt>
  <trkpt lat="51.5775675" lon="-0.1278565">
    <ele>20.9</ele>
    <time>2024-01-15T07:41:40Z</time>
    <extensions>
      <gpxtpx:TrackPointExtension>
        <gpxtpx:hr>167</gpxtpx:hr>
      </gpxtpx:TrackPointExtension>
    </extensions>
  </trkpt>
  <trkpt lat="51.5777125" lon="-0.1278353">
    <ele>20.0</ele>
    <time>2024-01-15T07:41:45Z</time>
    <extensions>
      <gpxtpx:TrackPointExtension>
        <gpxtpx:hr>169</gpxtpx:hr>
      </gpxtpx:TrackPointExtension>
    </extensions>
  </trkpt>
  <trkpt lat="51.5778880" lon="-0.1278565">
    <ele>20.3</ele>
    <time>2024-01-15T07:41:50Z</time>
    <extensions>
      <gpxtpx:TrackPointExtension>
        <gpxtpx:hr>166</gpxtpx:hr>
      </gpxtpx:TrackPointExtension>
    </extensions>
  </trkpt>
  <trkpt lat="51.5780406" lon="-0.1278696">
    <ele>19.9</ele>
    <time>2024-01-15T07:41:55Z</time>
    <extensions>
      <gpxtpx:TrackPointExtension>
        <gpxtpx:hr>166</gpxtpx:hr>
      </gpxtpx:TrackPointExtension>
    </extensions>
  </trkpt>
  <trkpt lat="51.5782131" lon="-0.1278617">
    <ele>20.3</ele>
    <time>2024-01-15T07:42:00Z</time>
    <extensions>
      <gpxtpx:TrackPointExtension>
        <gpxtpx:hr>165</gpxtpx:hr>
      </gpxtpx:TrackPointExtension>
    </extensions>
  </trkpt>
  <trkpt lat="51.5784044" lon="-0.1278518">
    <ele>20.2</ele>
    <time>2024-01-15T07:42:05Z</time>
    <extensions>
      <gpxtpx:TrackPointExtension>
        <gpxtpx:hr>165</gpxtpx:hr>
      </gpxtpx:TrackPointExtension>
    </extensions>
  </trkpt>
  <trkpt lat="51.5785632" lon="-0.1279050">
    <ele>19.2</ele>
    <time>2024-01-15T07:42:10Z</time>
    <extensions>
      <gpxtpx:TrackPointExtension>
        <gpxtpx:hr>163</gpxtpx:hr>
      </gpxtpx:TrackPointExtension>
    </extensions>
  </trkpt>
  <trkpt lat="51.5787358" lon="-0.1279103">
    <ele>19.6</ele>
    <time>2024-01-15T07:42:15Z</time>
    <extensions>
      <gpxtpx:TrackPointExtension>
        <gpxtpx:hr>164</gpxtpx:hr>
      </gpxtpx:TrackPointExtension>
    </extensions>
  </trkpt>
  <trkpt lat="51.5789194" lon="-0.1279635">
    <ele>19.0</ele>
    <time>2024-01-15T07:42:20Z</time>
    <extensions>
      <gpxtpx:TrackPointExtension>
        <gpxtpx:hr>164</gpxtpx:hr>
      </gpxtpx:TrackPointExtension>
    </extensions>
  </trkpt>
  <trkpt lat="51.5790874" lon="-0.1279808">
    <ele>19.4</ele>
    <time>2024-01-15T07:42:25Z</time>
    <extensions>
      <gpxtpx:TrackPointExtension>
        <gpxtpx:hr>164</gpxtpx:hr>
      </gpxtpx:TrackPointExtension>
    </extensions>
  </trkpt>
  <trkpt lat="51.5792744" lon="-0.1280177">
    <ele>19.2</ele>
    <time>2024-01-15T07:42:30Z</time>
    <extensions>
      <gpxtpx:TrackPointExtension>
        <gpxtpx:hr>165</gpxtpx:hr>
      </gpxtpx:TrackPointExtension>
    </extensions>
  </trkpt>
  <trkpt lat="51.5794436" lon="-0.1280521">
    <ele>18.7</ele>
    <time>2024-01-15T07:42:35Z</time>
    <extensions>
      <gpxtpx:TrackPointExtension>
        <gpxtpx:hr>164</gpxtpx:hr>
      </gpxtpx:TrackPointExtension>
    </extensions>
  </trkpt>
  <trkpt lat="51.5796256" lon="-0.1279884">
    <ele>18.5</ele>
    <time>2024-01-15T07:42:40Z</time>
    <extensions>
      <gpxtpx:TrackPointExtension>
        <gpxtpx:hr>166</gpxtpx:hr>
      </gpxtpx:TrackPointExtension>
    </extensions>
  </trkpt>
  <trkpt lat="51.5797872" lon="-0.1279914">
    <ele>18.2</ele>
    <time>2024-01-15T07:42:45Z</time>
    <extensions>
      <gpxtpx:TrackPointExtension>
        <gpxtpx:hr>168</gpxtpx:hr>
      </gpxtpx:TrackPointExtension>
    </extensions>
  </trkpt>
  <trkpt lat="51.5799533" lon="-0.1279551">
    <ele>18.7</ele>
    <time>2024-01-15T07:42:50Z</time>
    <extensions>
      <gpxtpx:TrackPointExtension>
        <gpxtpx:hr>168</gpxtpx:hr>
      </gpxtpx:TrackPointExtension>
    </extensions>
  </trkpt>
  <trkpt lat="51.5801406" lon="-0.1279718">
    <ele>18.1</ele>
    <time>2024-01-15T07:42:55Z</time>
    <extensions>
      <gpxtpx:TrackPointExtension>
        <gpxtpx:hr>167</gpxtpx:hr>
      </gpxtpx:TrackPointExtension>
    </extensions>
  </trkpt>
  <trkpt lat="51.5803131" lon="-0.1279551">
    <ele>17.7</ele>
    <time>2024-01-15T07:43:00Z</time>
    <extensions>
      <gpxtpx:TrackPointExtension>
        <gpxtpx:hr>166</gpxtpx:hr>
      </gpxtpx:TrackPointExtension>
    </extensions>
  </trkpt>
  <trkpt lat="51.5804578" lon="-0.1279169">
    <ele>17.7</ele>
    <time>2024-01-15T07:43:05Z</time>
    <extensions>
      <gpxtpx:TrackPointExtension>
        <gpxtpx:hr>165</gpxtpx:hr>
      </gpxtpx:TrackPointExtension>
    </extensions>
  </trkpt>
  <trkpt lat="51.5806159" lon="-0.1279295">
    <ele>17.6</ele>
    <time>2024-01-15T07:43:10Z</time>
    <extensions>
      <gpxtpx:TrackPointExtension>
        <gpxtpx:hr>164</gpxtpx:hr>
      </gpxtpx:TrackPointExtension>
    </extensions>
  </trkpt>
  <trkpt lat="51.5807816" lon="-0.1279148">
    <ele>17.9</ele>
    <time>2024-01-15T07:43:15Z</time>
    <extensions>
      <gpxtpx:TrackPointExtension>
        <gpxtpx:hr>164</gpxtpx:hr>
      </gpxtpx:TrackPointExtension>
    </extensions>
  </trkpt>
  <trkpt lat="51.5809593" lon="-0.1279289">
    <ele>17.3</ele>
    <time>2024-01-15T07:43:20Z</time>
    <extensions>
      <gpxtpx:TrackPointExtension>
        <gpxtpx:hr>165</gpxtpx:hr>
      </gpxtpx:TrackPointExtension>
    </extensions>
  </trkpt>
  <trkpt lat="51.5811430" lon="-0.1278906">
    <ele>16.9</ele>
    <time>2024-01-15T07:43:25Z</time>
    <extensions>
      <gpxtpx:TrackPointExtension>
        <gpxtpx:hr>164</gpxtpx:hr>
      </gpxtpx:TrackPointExtension>
    </extensions>
  </trkpt>
  <trkpt lat="51.5813133" lon="-0.1279100">
    <ele>16.1</ele>
    <time>2024-01-15T07:43:30Z</time>
    <extensions>
      <gpxtpx:TrackPointExtension>
        <gpxtpx:hr>165</gpxtpx:hr>
      </gpxtpx:TrackPointExtension>
    </extensions>
  </trkpt>
  <trkpt lat="51.5814887" lon="-0.1279355">
    <ele>17.1</ele>
    <time>2024-01-15T07:43:35Z</time>
    <extensions>
      <gpxtpx:TrackPointExtension>
        <gpxtpx:hr>167</gpxtpx:hr>
      </gpxtpx:TrackPointExtension>
    </extensions>
  </trkpt>
  <trkpt lat="51.5816473" lon="-0.1278998">
    <ele>16.6</ele>
    <time>2024-01-15T07:43:40Z</time>
    <extensions>
      <gpxtpx:TrackPointExtension>
        <gpxtpx:hr>164</gpxtpx:hr>
      </gpxtpx:TrackPointExtension>
    </extensions>
  </trkpt>
  <trkpt lat="51.5818311" lon="-0.1279109">
    <ele>16.4</ele>
    <time>2024-01-15T07:43:45Z</time>
    <extensions>
      <gpxtpx:TrackPointExtension>
        <gpxtpx:hr>165</gpxtpx:hr>
      </gpxtpx:TrackPointExtension>
    </extensions>
  </trkpt>
  <trkpt lat="51.5819839" lon="-0.1279596">
    <ele>15.8</ele>
    <time>2024-01-15T07:43:50Z</time>
    <extensions>
      <gpxtpx:TrackPointExtension>
        <gpxtpx:hr>165</gpxtpx:hr>
      </gpxtpx:TrackPointExtension>
    </extensions>
  </trkpt>
  <trkpt lat="51.5821712" lon="-0.1279293">
    <ele>16.6</ele>
    <time>2024-01-15T07:43:55Z</time>
    <extensions>
      <gpxtpx:TrackPointExtension>
        <gpxtpx:hr>165</gpxtpx:hr>
      </gpxtpx:TrackPointExtension>
    </extensions>
  </trkpt>
  <trkpt lat="51.5823258" lon="-0.1279276">
    <ele>16.3</ele>
    <time>2024-01-15T07:44:00Z</time>
    <extensions>
      <gpxtpx:TrackPointExtension>
        <gpxtpx:hr>164</gpxtpx:hr>
      </gpxtpx:TrackPointExtension>
    </extensions>
  </trkpt>
  <trkpt lat="51.5825007" lon="-0.1279613">
    <ele>15.9</ele>
    <time>2024-01-15T07:44:05Z</time>
    <extensions>
      <gpxtpx:TrackPointExtension>
        <gpxtpx:hr>164</gpxtpx:hr>
      </gpxtpx:TrackPointExtension>
    </extensions>
  </trkpt>
  <trkpt lat="51.5826546" lon="-0.1279600">
    <ele>15.8</ele>
    <time>2024-01-15T07:44:10Z</time>
    <extensions>
      <gpxtpx:TrackPointExtension>
        <gpxtpx:hr>165</gpxtpx:hr>
      </gpxtpx:TrackPointExtension>
    </extensions>
  </trkpt>
  <trkpt lat="51.5828263" lon="-0.1278848">
    <ele>15.8</ele>
    <time>2024-01-15T07:44:15Z</time>
    <extensions>
      <gpxtpx:TrackPointExtension>
        <gpxtpx:hr>167</gpxtpx:hr>
      </gpxtpx:TrackPointExtension>
    </extensions>
  </trkpt>
  <trkpt lat="51.5830029" lon="-0.1279306">
    <ele>15.5</ele>
    <time>2024-01-15T07:44:20Z</time>
    <extensions>
      <gpxtpx:TrackPointExtension>
        <gpxtpx:hr>168</gpxtpx:hr>
      </gpxtpx:TrackPointExtension>
    </extensions>
  </trkpt>
  <trkpt lat="51.5831647" lon="-0.1279222">
    <ele>15.9</ele>
    <time>2024-01-15T07:44:25Z</time>
    <extensions>
      <gpxtpx:TrackPointExtension>
        <gpxtpx:hr>168</gpxtpx:hr>
      </gpxtpx:TrackPointExtension>
    </extensions>
  </trkpt>
  <trkpt lat="51.5833281" lon="-0.1279412">
    <ele>15.6</ele>
    <time>2024-01-15T07:44:30Z</time>
    <extensions>
      <gpxtpx:TrackPointExtension>
        <gpxtpx:hr>167</gpxtpx:hr>
      </gpxtpx:TrackPointExtension>
    </extensions>
  </trkpt>
  <trkpt lat="51.5835078" lon="-0.1279204">
    <ele>15.3</ele>
    <time>2024-01-15T07:44:35Z</time>
    <extensions>
      <gpxtpx:TrackPointExtension>
        <gpxtpx:hr>168</gpxtpx:hr>
      </gpxtpx:TrackPointExtension>
    </extensions>
  </trkpt>
  <trkpt lat="51.5836838" lon="-0.1279707">
    <ele>14.8</ele>
    <time>2024-01-15T07:44:40Z</time>
    <extensions>
      <gpxtpx:TrackPointExtension>
        <gpxtpx:hr>167</gpxtpx:hr>
      </gpxtpx:TrackPointExtension>
    </extensions>
  </trkpt>
  <trkpt lat="51.5838503" lon="-0.1279826">
    <ele>15.5</ele>
    <time>2024-01-15T07:44:45Z</time>
    <extensions>
      <gpxtpx:TrackPointExtension>
        <gpxtpx:hr>166</gpxtpx:hr>
      </gpxtpx:TrackPointExtension>
    </extensions>
  </trkpt>
  <trkpt lat="51.5840157" lon="-0.1279813">
    <ele>15.5</ele>
    <time>2024-01-15T07:44:50Z</time>
    <extensions>
      <gpxtpx:TrackPointExtension>
        <gpxtpx:hr>167</gpxtpx:hr>
      </gpxtpx:TrackPointExtension>
    </extensions>
  </trkpt>
  <trkpt lat="51.5842025" lon="-0.1279601">
    <ele>14.9</ele>
    <time>2024-01-15T07:44:55Z</time>
    <extensions>
      <gpxtpx:TrackPointExtension>
        <gpxtpx:hr>165</gpxtpx:hr>
      </gpxtpx:TrackPointExtension>
    </extensions>
  </trkpt>
  <trkpt lat="51.5843588" lon="-0.1279427">
    <ele>15.1</ele>
    <time>2024-01-15T07:45:00Z</time>
    <extensions>
      <gpxtpx:TrackPointExtension>
        <gpxtpx:hr>166</gpxtpx:hr>
      </gpxtpx:TrackPointExtension>
    </extensions>
  </trkpt>
  <trkpt lat="51.5845113" lon="-0.1279805">
    <ele>15.1</ele>
    <time>2024-01-15T07:45:05Z</time>
    <extensions>
      <gpxtpx:TrackPointExtension>
        <gpxtpx:hr>166</gpxtpx:hr>
      </gpxtpx:TrackPointExtension>
    </extensions>
  </trkpt>
  <trkpt lat="51.5846582" lon="-0.1279562">
    <ele>14.8</ele>
    <time>2024-01-15T07:45:10Z</time>
    <extensions>
      <gpxtpx:TrackPointExtension>
        <gpxtpx:hr>167</gpxtpx:hr>
      </gpxtpx:TrackPointExtension>
    </extensions>
  </trkpt>
  <trkpt lat="51.5848033" lon="-0.1279452">
    <ele>15.7</ele>
    <time>2024-01-15T07:45:15Z</time>
    <extensions>
      <gpxtpx:TrackPointExtension>
        <gpxtpx:hr>166</gpxtpx:hr>
      </gpxtpx:TrackPointExtension>
    </extensions>
  </trkpt>
  <trkpt lat="51.5849877" lon="-0.1279710">
    <ele>14.7</ele>
    <time>2024-01-15T07:45:20Z</time>
    <extensions>
      <gpxtpx:TrackPointExtension>
        <gpxtpx:hr>166</gpxtpx:hr>
      </gpxtpx:TrackPointExtension>
    </extensions>
  </trkpt>
  <trkpt lat="51.5851488" lon="-0.1279638">
    <ele>15.6</ele>
    <time>2024-01-15T07:45:25Z</time>
    <extensions>
      <gpxtpx:TrackPointExtension>
        <gpxtpx:hr>167</gpxtpx:hr>
      </gpxtpx:TrackPointExtension>
    </extensions>
  </trkpt>
  <trkpt lat="51.5853360" lon="-0.1279226">
    <ele>15.4</ele>
    <time>2024-01-15T07:45:30Z</time>
    <extensions>
      <gpxtpx:TrackPointExtension>
        <gpxtpx:hr>166</gpxtpx:hr>
      </gpxtpx:TrackPointExtension>
    </extensions>
  </trkpt>
  <trkpt lat="51.5854841" lon="-0.1278678">
    <ele>14.7</ele>
    <time>2024-01-15T07:45:35Z</time>
    <extensions>
      <gpxtpx:TrackPointExtension>
        <gpxtpx:hr>166</gpxtpx:hr>
      </gpxtpx:TrackPointExtension>
    </extensions>
  </trkpt>
  <trkpt lat="51.5856473" lon="-0.1278692">
    <ele>15.2</ele>
    <time>2024-01-15T07:45:40Z</time>
    <extensions>
      <gpxtpx:TrackPointExtension>
        <gpxtpx:hr>164</gpxtpx:hr>
      </gpxtpx:TrackPointExtension>
    </extensions>
  </trkpt>
  <trkpt lat="51.5858251" lon="-0.1278279">
    <ele>15.0</ele>
    <time>2024-01-15T07:45:45Z</time>
    <extensions>
      <gpxtpx:TrackPointExtension>
        <gpxtpx:hr>166</gpxtpx:hr>
      </gpxtpx:TrackPointExtension>
    </extensions>
  </trkpt>
  <trkpt lat="51.5859915" lon="-0.1278344">
    <ele>16.0</ele>
    <time>2024-01-15T07:45:50Z</time>
    <extensions>
      <gpxtpx:TrackPointExtension>
        <gpxtpx:hr>165</gpxtpx:hr>
      </gpxtpx:TrackPointExtension>
    </extensions>
  </trkpt>
  <trkpt lat="51.5861695" lon="-0.1278329">
    <ele>15.0</ele>
    <time>2024-01-15T07:45:55Z</time>
    <extensions>
      <gpxtpx:TrackPointExtension>
        <gpxtpx:hr>167</gpxtpx:hr>
      </gpxtpx:TrackPointExtension>
    </extensions>
  </trkpt>
  <trkpt lat="51.5862884" lon="-0.1278583">
    <ele>15.4</ele>
    <time>2024-01-15T07:46:00Z</time>
    <extensions>
      <gpxtpx:TrackPointExtension>
        <gpxtpx:hr>165</gpxtpx:hr>
      </gpxtpx:TrackPointExtension>
    </extensions>
  </trkpt>
  <trkpt lat="51.5864015" lon="-0.1278858">
    <ele>15.3</ele>
    <time>2024-01-15T07:46:05Z</time>
    <extensions>
      <gpxtpx:TrackPointExtension>
        <gpxtpx:hr>162</gpxtpx:hr>
      </gpxtpx:TrackPointExtension>
    </extensions>
  </trkpt>
  <trkpt lat="51.5865188" lon="-0.1279118">
    <ele>14.9</ele>
    <time>2024-01-15T07:46:10Z</time>
    <extensions>
      <gpxtpx:TrackPointExtension>
        <gpxtpx:hr>159</gpxtpx:hr>
      </gpxtpx:TrackPointExtension>
    </extensions>
  </trkpt>
  <trkpt lat="51.5866339" lon="-0.1279106">
    <ele>15.5</ele>
    <time>2024-01-15T07:46:15Z</time>
    <extensions>
      <gpxtpx:TrackPointExtension>
        <gpxtpx:hr>157</gpxtpx:hr>
      </gpxtpx:TrackPointExtension>
    </extensions>
  </trkpt>
  <trkpt lat="51.5867497" lon="-0.1279007">
    <ele>15.6</ele>
    <time>2024-01-15T07:46:20Z</time>
    <extensions>
      <gpxtpx:TrackPointExtension>
        <gpxtpx:hr>155</gpxtpx:hr>
      </gpxtpx:TrackPointExtension>
    </extensions>
  </trkpt>
  <trkpt lat="51.5868706" lon="-0.1279074">
    <ele>15.4</ele>
    <time>2024-01-15T07:46:25Z</time>
    <extensions>
      <gpxtpx:TrackPointExtension>
        <gpxtpx:hr>154</gpxtpx:hr>
      </gpxtpx:TrackPointExtension>
    </extensions>
  </trkpt>
  <trkpt lat="51.5869804" lon="-0.1278943">
    <ele>15.6</ele>
    <time>2024-01-15T07:46:30Z</time>
    <extensions>
      <gpxtpx:TrackPointExtension>
        <gpxtpx:hr>152</gpxtpx:hr>
      </gpxtpx:TrackPointExtension>
    </extensions>
  </trkpt>
  <trkpt lat="51.5870973" lon="-0.1278763">
    <ele>15.7</ele>
    <time>2024-01-15T07:46:35Z</time>
    <extensions>
      <gpxtpx:TrackPointExtension>
        <gpxtpx:hr>152</gpxtpx:hr>
      </gpxtpx:TrackPointExtension>
    </extensions>
  </trkpt>
  <trkpt lat="51.5872018" lon="-0.1279024">
    <ele>15.4</ele>
    <time>2024-01-15T07:46:40Z</time>
    <extensions>
      <gpxtpx:TrackPointExtension>
        <gpxtpx:hr>150</gpxtpx:hr>
      </gpxtpx:TrackPointExtension>
    </extensions>
  </trkpt>
  <trkpt lat="51.5873194" lon="-0.1278953">
    <ele>15.9</ele>
    <time>2024-01-15T07:46:45Z</time>
    <extensions>
      <gpxtpx:TrackPointExtension>
        <gpxtpx:hr>148</gpxtpx:hr>
      </gpxtpx:TrackPointExtension>
    </extensions>
  </trkpt>
  <trkpt lat="51.5874299" lon="-0.1278879">
    <ele>15.7</ele>
    <time>2024-01-15T07:46:50Z</time>
    <extensions>
      <gpxtpx:TrackPointExtension>
        <gpxtpx:hr>145</gpxtpx:hr>
      </gpxtpx:TrackPointExtension>
    </extensions>
  </trkpt>
  <trkpt lat="51.5875419" lon="-0.1278816">
    <ele>16.1</ele>
    <time>2024-01-15T07:46:55Z</time>
    <extensions>
      <gpxtpx:TrackPointExtension>
        <gpxtpx:hr>144</gpxtpx:hr>
      </gpxtpx:TrackPointExtension>
    </extensions>
  </trkpt>
  <trkpt lat="51.5876604" lon="-0.1278886">
    <ele>15.9</ele>
    <time>2024-01-15T07:47:00Z</time>
    <extensions>
      <gpxtpx:TrackPointExtension>
        <gpxtpx:hr>144</gpxtpx:hr>
      </gpxtpx:TrackPointExtension>
    </extensions>
  </trkpt>
  <trkpt lat="51.5877716" lon="-0.1278936">
    <ele>15.4</ele>
    <time>2024-01-15T07:47:05Z</time>
    <extensions>
      <gpxtpx:TrackPointExtension>
        <gpxtpx:hr>142</gpxtpx:hr>
      </gpxtpx:TrackPointExtension>
    </extensions>
  </trkpt>
  <trkpt lat="51.5878894" lon="-0.1278786">
    <ele>15.3</ele>
    <time>2024-01-15T07:47:10Z</time>
    <extensions>
      <gpxtpx:TrackPointExtension>
        <gpxtpx:hr>142</gpxtpx:hr>
      </gpxtpx:TrackPointExtension>
    </extensions>
  </trkpt>
  <trkpt lat="51.5880021" lon="-0.1278802">
    <ele>16.6</ele>
    <time>2024-01-15T07:47:15Z</time>
    <extensions>
      <gpxtpx:TrackPointExtension>
        <gpxtpx:hr>140</gpxtpx:hr>
      </gpxtpx:TrackPointExtension>
    </extensions>
  </trkpt>
  <trkpt lat="51.5881162" lon="-0.1278650">
    <ele>15.8</ele>
    <time>2024-01-15T07:47:20Z</time>
    <extensions>
      <gpxtpx:TrackPointExtension>
        <gpxtpx:hr>142</gpxtpx:hr>
      </gpxtpx:TrackPointExtension>
    </extensions>
  </trkpt>
  <trkpt lat="51.5882339" lon="-0.1278368">
    <ele>16.1</ele>
    <time>2024-01-15T07:47:25Z</time>
    <extensions>
      <gpxtpx:TrackPointExtension>
        <gpxtpx:hr>140</gpxtpx:hr>
      </gpxtpx:TrackPointExtension>
    </extensions>
  </trkpt>
  <trkpt lat="51.5883492" lon="-0.1278188">
    <ele>15.9</ele>
    <time>2024-01-15T07:47:30Z</time>
    <extensions>
      <gpxtpx:TrackPointExtension>
        <gpxtpx:hr>140</gpxtpx:hr>
      </gpxtpx:TrackPointExtension>
    </extensions>
  </trkpt>
  <trkpt lat="51.5884597" lon="-0.1278038">
    <ele>16.0</ele>
    <time>2024-01-15T07:47:35Z</time>
    <extensions>
      <gpxtpx:TrackPointExtension>
        <gpxtpx:hr>139</gpxtpx:hr>
      </gpxtpx:TrackPointExtension>
    </extensions>
  </trkpt>
  <trkpt lat="51.5885781" lon="-0.1278257">
    <ele>16.2</ele>
    <time>2024-01-15T07:47:40Z</time>
    <extensions>
      <gpxtpx:TrackPointExtension>
        <gpxtpx:hr>139</gpxtpx:hr>
      </gpxtpx:TrackPointExtension>
    </extensions>
  </trkpt>
  <trkpt lat="51.5886951" lon="-0.1278452">
    <ele>16.9</ele>
    <time>2024-01-15T07:47:45Z</time>
    <extensions>
      <gpxtpx:TrackPointExtension>
        <gpxtpx:hr>138</gpxtpx:hr>
      </gpxtpx:TrackPointExtension>
    </extensions>
  </trkpt>
  <trkpt lat="51.5888067" lon="-0.1278743">
    <ele>16.7</ele>
    <time>2024-01-15T07:47:50Z</time>
    <extensions>
      <gpxtpx:TrackPointExtension>
        <gpxtpx:hr>137</gpxtpx:hr>
      </gpxtpx:TrackPointExtension>
    </extensions>
  </trkpt>
  <trkpt lat="51.5889249" lon="-0.1278848">
    <ele>16.2</ele>
    <time>2024-01-15T07:47:55Z</time>
    <extensions>
      <gpxtpx:TrackPointExtension>
        <gpxtpx:hr>136</gpxtpx:hr>
      </gpxtpx:TrackPointExtension>
    </extensions>
  </trkpt>
  <trkpt lat="51.5890907" lon="-0.1278949">
    <ele>16.7</ele>
    <time>2024-01-15T07:48:00Z</time>
    <extensions>
      <gpxtpx:TrackPointExtension>
        <gpxtpx:hr>140</gpxtpx:hr>
      </gpxtpx:TrackPointExtension>
    </extensions>
  </trkpt>
  <trkpt lat="51.5892690" lon="-0.1278750">
    <ele>16.7</ele>
    <time>2024-01-15T07:48:05Z</time>
    <extensions>
      <gpxtpx:TrackPointExtension>
        <gpxtpx:hr>144</gpxtpx:hr>
      </gpxtpx:TrackPointExtension>
    </extensions>
  </trkpt>
  <trkpt lat="51.5894572" lon="-0.1278895">
    <ele>17.5</ele>
    <time>2024-01-15T07:48:10Z</time>
    <extensions>
      <gpxtpx:TrackPointExtension>
        <gpxtpx:hr>145</gpxtpx:hr>
      </gpxtpx:TrackPointExtension>
    </extensions>
  </trkpt>
  <trkpt lat="51.5896411" lon="-0.1278992">
    <ele>17.5</ele>
    <time>2024-01-15T07:48:15Z</time>
    <extensions>
      <gpxtpx:TrackPointExtension>
        <gpxtpx:hr>149</gpxtpx:hr>
      </gpxtpx:TrackPointExtension>
    </extensions>
  </trkpt>
  <trkpt lat="51.5898138" lon="-0.1279210">
    <ele>17.3</ele>
    <time>2024-01-15T07:48:20Z</time>
    <extensions>
      <gpxtpx:TrackPointExtension>
        <gpxtpx:hr>151</gpxtpx:hr>
      </gpxtpx:TrackPointExtension>
    </extensions>
  </trkpt>
  <trkpt lat="51.5899655" lon="-0.1279248">
    <ele>17.8</ele>
    <time>2024-01-15T07:48:25Z</time>
    <extensions>
      <gpxtpx:TrackPointExtension>
        <gpxtpx:hr>151</gpxtpx:hr>
      </gpxtpx:TrackPointExtension>
    </extensions>
  </trkpt>
  <trkpt lat="51.5901216" lon="-0.1279305">
    <ele>17.7</ele>
    <time>2024-01-15T07:48:30Z</time>
    <extensions>
      <gpxtpx:TrackPointExtension>
        <gpxtpx:hr>154</gpxtpx:hr>
      </gpxtpx:TrackPointExtension>
    </extensions>
  </trkpt>
  <trkpt lat="51.5903030" lon="-0.1279329">
    <ele>17.7</ele>
    <time>2024-01-15T07:48:35Z</time>
    <extensions>
      <gpxtpx:TrackPointExtension>
        <gpxtpx:hr>154</gpxtpx:hr>
      </gpxtpx:TrackPointExtension>
    </extensions>
  </trkpt>
  <trkpt lat="51.5904810" lon="-0.1279233">
    <ele>17.6</ele>
    <time>2024-01-15T07:48:40Z</time>
    <extensions>
      <gpxtpx:TrackPointExtension>
        <gpxtpx:hr>156</gpxtpx:hr>
      </gpxtpx:TrackPointExtension>
    </extensions>
  </trkpt>
  <trkpt lat="51.5906587" lon="-0.1279234">
    <ele>18.2</ele>
    <time>2024-01-15T07:48:45Z</time>
    <extensions>
      <gpxtpx:TrackPointExtension>
        <gpxtpx:hr>157</gpxtpx:hr>
      </gpxtpx:TrackPointExtension>
    </extensions>
  </trkpt>
  <trkpt lat="51.5908543" lon="-0.1278829">
    <ele>18.9</ele>
    <time>2024-01-15T07:48:50Z</time>
    <extensions>
      <gpxtpx:TrackPointExtension>
        <gpxtpx:hr>160</gpxtpx:hr>
      </gpxtpx:TrackPointExtension>
    </extensions>
  </trkpt>
  <trkpt lat="51.5910153" lon="-0.1278655">
    <ele>18.6</ele>
    <time>2024-01-15T07:48:55Z</time>
    <extensions>
      <gpxtpx:TrackPointExtension>
        <gpxtpx:hr>160</gpxtpx:hr>
      </gpxtpx:TrackPointExtension>
    </extensions>
  </trkpt>
  <trkpt lat="51.5911957" lon="-0.1278619">
    <ele>19.0</ele>
    <time>2024-01-15T07:49:00Z</time>
    <extensions>
      <gpxtpx:TrackPointExtension>
        <gpxtpx:hr>160</gpxtpx:hr>
      </gpxtpx:TrackPointExtension>
    </extensions>
  </trkpt>
  <trkpt lat="51.5913666" lon="-0.1278408">
    <ele>18.8</ele>
    <time>2024-01-15T07:49:05Z</time>
    <extensions>
      <gpxtpx:TrackPointExtension>
        <gpxtpx:hr>161</gpxtpx:hr>
      </gpxtpx:TrackPointExtension>
    </extensions>
  </trkpt>
  <trkpt lat="51.5915246" lon="-0.1278707">
    <ele>19.0</ele>
    <time>2024-01-15T07:49:10Z</time>
    <extensions>
      <gpxtpx:TrackPointExtension>
        <gpxtpx:hr>161</gpxtpx:hr>
      </gpxtpx:TrackPointExtension>
    </extensions>
  </trkpt>
  <trkpt lat="51.5916835" lon="-0.1278726">
    <ele>19.5</ele>
    <time>2024-01-15T07:49:15Z</time>
    <extensions>
      <gpxtpx:TrackPointExtension>
        <gpxtpx:hr>162</gpxtpx:hr>
      </gpxtpx:TrackPointExtension>
    </extensions>
  </trkpt>
  <trkpt lat="51.5918813" lon="-0.1279021">
    <ele>19.8</ele>
    <time>2024-01-15T07:49:20Z</time>
    <extensions>
      <gpxtpx:TrackPointExtension>
        <gpxtpx:hr>163</gpxtpx:hr>
      </gpxtpx:TrackPointExtension>
    </extensions>
  </trkpt>
  <trkpt lat="51.5920420" lon="-0.1278682">
    <ele>19.7</ele>
    <time>2024-01-15T07:49:25Z</time>
    <extensions>
      <gpxtpx:TrackPointExtension>
        <gpxtpx:hr>163</gpxtpx:hr>
      </gpxtpx:TrackPointExtension>
    </extensions>
  </trkpt>
  <trkpt lat="51.5922146" lon="-0.1278803">
    <ele>19.7</ele>
    <time>2024-01-15T07:49:30Z</time>
    <extensions>
      <gpxtpx:TrackPointExtension>
        <gpxtpx:hr>163</gpxtpx:hr>
      </gpxtpx:TrackPointExtension>
    </extensions>
  </trkpt>
  <trkpt lat="51.5923835" lon="-0.1278980">
    <ele>19.5</ele>
    <time>2024-01-15T07:49:35Z</time>
    <extensions>
      <gpxtpx:TrackPointExtension>
        <gpxtpx:hr>163</gpxtpx:hr>
      </gpxtpx:TrackPointExtension>
    </extensions>
  </trkpt>
  <trkpt lat="51.5925457" lon="-0.1278934">
    <ele>20.1</ele>
    <time>2024-01-15T07:49:40Z</time>
    <extensions>
      <gpxtpx:TrackPointExtension>
        <gpxtpx:hr>164</gpxtpx:hr>
      </gpxtpx:TrackPointExtension>
    </extensions>
  </trkpt>
  <trkpt lat="51.5927184" lon="-0.1278661">
    <ele>21.1</ele>
    <time>2024-01-15T07:49:45Z</time>
    <extensions>
      <gpxtpx:TrackPointExtension>
        <gpxtpx:hr>164</gpxtpx:hr>
      </gpxtpx:TrackPointExtension>
    </extensions>
  </trkpt>
  <trkpt lat="51.5929025" lon="-0.1278734">
    <ele>20.4</ele>
    <time>2024-01-15T07:49:50Z</time>
    <extensions>
      <gpxtpx:TrackPointExtension>
        <gpxtpx:hr>164</gpxtpx:hr>
      </gpxtpx:TrackPointExtension>
    </extensions>
  </trkpt>
  <trkpt lat="51.5930786" lon="-0.1278870">
    <ele>20.5</ele>
    <time>2024-01-15T07:49:55Z</time>
    <extensions>
      <gpxtpx:TrackPointExtension>
        <gpxtpx:hr>165</gpxtpx:hr>
      </gpxtpx:TrackPointExtension>
    </extensions>
  </trkpt>
  <trkpt lat="51.5932389" lon="-0.1279242">
    <ele>21.4</ele>
    <time>2024-01-15T07:50:00Z</time>
    <extensions>
      <gpxtpx:TrackPointExtension>
        <gpxtpx:hr>165</gpxtpx:hr>
      </gpxtpx:TrackPointExtension>
    </extensions>
  </trkpt>
  <trkpt lat="51.5934008" lon="-0.1279171">
    <ele>21.4</ele>
    <time>2024-01-15T07:50:05Z</time>
    <extensions>
      <gpxtpx:TrackPointExtension>
        <gpxtpx:hr>166</gpxtpx:hr>
      </gpxtpx:TrackPointExtension>
    </extensions>
  </trkpt>
  <trkpt lat="51.5935609" lon="-0.1278809">
    <ele>21.4</ele>
    <time>2024-01-15T07:50:10Z</time>
    <extensions>
      <gpxtpx:TrackPointExtension>
        <gpxtpx:hr>165</gpxtpx:hr>
      </gpxtpx:TrackPointExtension>
    </extensions>
  </trkpt>
  <trkpt lat="51.5937209" lon="-0.1278616">
    <ele>21.9</ele>
    <time>2024-01-15T07:50:15Z</time>
    <extensions>
      <gpxtpx:TrackPointExtension>
        <gpxtpx:hr>166</gpxtpx:hr>
      </gpxtpx:TrackPointExtension>
    </extensions>
  </trkpt>
  <trkpt lat="51.5938935" lon="-0.1278991">
    <ele>21.7</ele>
    <time>2024-01-15T07:50:20Z</time>
    <extensions>
      <gpxtpx:TrackPointExtension>
        <gpxtpx:hr>167</gpxtpx:hr>
      </gpxtpx:TrackPointExtension>
    </extensions>
  </trkpt>
  <trkpt lat="51.5940667" lon="-0.1278981">
    <ele>22.2</ele>
    <time>2024-01-15T07:50:25Z</time>
    <extensions>
      <gpxtpx:TrackPointExtension>
        <gpxtpx:hr>167</gpxtpx:hr>
      </gpxtpx:TrackPointExtension>
    </extensions>
  </trkpt>
  <trkpt lat="51.5942242" lon="-0.1278902">
    <ele>22.1</ele>
    <time>2024-01-15T07:50:30Z</time>
    <extensions>
      <gpxtpx:TrackPointExtension>
        <gpxtpx:hr>168</gpxtpx:hr>
      </gpxtpx:TrackPointExtension>
    </extensions>
  </trkpt>
  <trkpt lat="51.5943803" lon="-0.1279496">
    <ele>22.2</ele>
    <time>2024-01-15T07:50:35Z</time>
    <extensions>
      <gpxtpx:TrackPointExtension>
        <gpxtpx:hr>166</gpxtpx:hr>
      </gpxtpx:TrackPointExtension>
    </extensions>
  </trkpt>
  <trkpt lat="51.5945519" lon="-0.1279759">
    <ele>22.1</ele>
    <time>2024-01-15T07:50:40Z</time>
    <extensions>
      <gpxtpx:TrackPointExtension>
        <gpxtpx:hr>167</gpxtpx:hr>
      </gpxtpx:TrackPointExtension>
    </extensions>
  </trkpt>
  <trkpt lat="51.5947164" lon="-0.1279726">
    <ele>22.3</ele>
    <time>2024-01-15T07:50:45Z</time>
    <extensions>
      <gpxtpx:TrackPointExtension>
        <gpxtpx:hr>167</gpxtpx:hr>
      </gpxtpx:TrackPointExtension>
    </extensions>
  </trkpt>
  <trkpt lat="51.5948854" lon="-0.1279392">
    <ele>23.0</ele>
    <time>2024-01-15T07:50:50Z</time>
    <extensions>
      <gpxtpx:TrackPointExtension>
        <gpxtpx:hr>168</gpxtpx:hr>
      </gpxtpx:TrackPointExtension>
    </extensions>
  </trkpt>
  <trkpt lat="51.5950531" lon="-0.1279852">
    <ele>22.8</ele>
    <time>2024-01-15T07:50:55Z</time>
    <extensions>
      <gpxtpx:TrackPointExtension>
        <gpxtpx:hr>168</gpxtpx:hr>
      </gpxtpx:TrackPointExtension>
    </extensions>
  </trkpt>
  <trkpt lat="51.5952066" lon="-0.1279571">
    <ele>22.7</ele>
    <time>2024-01-15T07:51:00Z</time>
    <extensions>
      <gpxtpx:TrackPointExtension>
        <gpxtpx:hr>168</gpxtpx:hr>
      </gpxtpx:TrackPointExtension>
    </extensions>
  </trkpt>
  <trkpt lat="51.5953720" lon="-0.1279641">
    <ele>22.8</ele>
    <time>2024-01-15T07:51:05Z</time>
    <extensions>
      <gpxtpx:TrackPointExtension>
        <gpxtpx:hr>168</gpxtpx:hr>
      </gpxtpx:TrackPointExtension>
    </extensions>
  </trkpt>
  <trkpt lat="51.5955339" lon="-0.1279648">
    <ele>22.8</ele>
    <time>2024-01-15T07:51:10Z</time>
    <extensions>
      <gpxtpx:TrackPointExtension>
        <gpxtpx:hr>169</gpxtpx:hr>
      </gpxtpx:TrackPointExtension>
    </extensions>
  </trkpt>
  <trkpt lat="51.5957142" lon="-0.1278590">
    <ele>23.5</ele>
    <time>2024-01-15T07:51:15Z</time>
    <extensions>
      <gpxtpx:TrackPointExtension>
        <gpxtpx:hr>168</gpxtpx:hr>
      </gpxtpx:TrackPointExtension>
    </extensions>
  </trkpt>
  <trkpt lat="51.5958763" lon="-0.1278846">
    <ele>23.5</ele>
    <time>2024-01-15T07:51:20Z</time>
    <extensions>
      <gpxtpx:TrackPointExtension>
        <gpxtpx:hr>169</gpxtpx:hr>
      </gpxtpx:TrackPointExtension>
    </extensions>
  </trkpt>
  <trkpt lat="51.5960415" lon="-0.1278362">
    <ele>23.5</ele>
    <time>2024-01-15T07:51:25Z</time>
    <extensions>
      <gpxtpx:TrackPointExtension>
        <gpxtpx:hr>168</gpxtpx:hr>
      </gpxtpx:TrackPointExtension>
    </extensions>
  </trkpt>
  <trkpt lat="51.5962123" lon="-0.1278740">
    <ele>24.0</ele>
    <time>2024-01-15T07:51:30Z</time>
    <extensions>
      <gpxtpx:TrackPointExtension>
        <gpxtpx:hr>169</gpxtpx:hr>
      </gpxtpx:TrackPointExtension>
    </extensions>
  </trkpt>
  <trkpt lat="51.5963771" lon="-0.1278566">
    <ele>24.0</ele>
    <time>2024-01-15T07:51:35Z</time>
    <extensions>
      <gpxtpx:TrackPointExtension>
        <gpxtpx:hr>169</gpxtpx:hr>
      </gpxtpx:TrackPointExtension>
    </extensions>
  </trkpt>
  <trkpt lat="51.5965467" lon="-0.1278233">
    <ele>24.5</ele>
    <time>2024-01-15T07:51:40Z</time>
    <extensions>
      <gpxtpx:TrackPointExtension>
        <gpxtpx:hr>169</gpxtpx:hr>
      </gpxtpx:TrackPointExtension>
    </extensions>
  </trkpt>
  <trkpt lat="51.5967157" lon="-0.1278024">
    <ele>23.5</ele>
    <time>2024-01-15T07:51:45Z</time>
    <extensions>
      <gpxtpx:TrackPointExtension>
        <gpxtpx:hr>170</gpxtpx:hr>
      </gpxtpx:TrackPointExtension>
    </extensions>
  </trkpt>
  <trkpt lat="51.5968847" lon="-0.1278134">
    <ele>24.1</ele>
    <time>2024-01-15T07:51:50Z</time>
    <extensions>
      <gpxtpx:TrackPointExtension>
        <gpxtpx:hr>172</gpxtpx:hr>
      </gpxtpx:TrackPointExtension>
    </extensions>
  </trkpt>
  <trkpt lat="51.5970258" lon="-0.1278482">
    <ele>24.2</ele>
    <time>2024-01-15T07:51:55Z</time>
    <extensions>
      <gpxtpx:TrackPointExtension>
        <gpxtpx:hr>172</gpxtpx:hr>
      </gpxtpx:TrackPointExtension>
    </extensions>
  </trkpt>
  <trkpt lat="51.5971872" lon="-0.1278628">
    <ele>23.9</ele>
    <time>2024-01-15T07:52:00Z</time>
    <extensions>
      <gpxtpx:TrackPointExtension>
        <gpxtpx:hr>171</gpxtpx:hr>
      </gpxtpx:TrackPointExtension>
    </extensions>
  </trkpt>
  <trkpt lat="51.5973529" lon="-0.1279028">
    <ele>24.5</ele>
    <time>2024-01-15T07:52:05Z</time>
    <extensions>
      <gpxtpx:TrackPointExtension>
        <gpxtpx:hr>169</gpxtpx:hr>
      </gpxtpx:TrackPointExtension>
    </extensions>
  </trkpt>
  <trkpt lat="51.5975211" lon="-0.1278750">
    <ele>24.7</ele>
    <time>2024-01-15T07:52:10Z</time>
    <extensions>
      <gpxtpx:TrackPointExtension>
        <gpxtpx:hr>168</gpxtpx:hr>
      </gpxtpx:TrackPointExtension>
    </extensions>
  </trkpt>
  <trkpt lat="51.5976844" lon="-0.1278829">
    <ele>24.6</ele>
    <time>2024-01-15T07:52:15Z</time>
    <extensions>
      <gpxtpx:TrackPointExtension>
        <gpxtpx:hr>167</gpxtpx:hr>
      </gpxtpx:TrackPointExtension>
    </extensions>
  </trkpt>
  <trkpt lat="51.5978419" lon="-0.1278924">
    <ele>24.6</ele>
    <time>2024-01-15T07:52:20Z</time>
    <extensions>
      <gpxtpx:TrackPointExtension>
        <gpxtpx:hr>168</gpxtpx:hr>
      </gpxtpx:TrackPointExtension>
    </extensions>
  </trkpt>
  <trkpt lat="51.5979916" lon="-0.1278918">
    <ele>24.3</ele>
    <time>2024-01-15T07:52:25Z</time>
    <extensions>
      <gpxtpx:TrackPointExtension>
        <gpxtpx:hr>168</gpxtpx:hr>
      </gpxtpx:TrackPointExtension>
    </extensions>
  </trkpt>
  <trkpt lat="51.5981760" lon="-0.1278804">
    <ele>24.9</ele>
    <time>2024-01-15T07:52:30Z</time>
    <extensions>
      <gpxtpx:TrackPointExtension>
        <gpxtpx:hr>168</gpxtpx:hr>
      </gpxtpx:TrackPointExtension>
    </extensions>
  </trkpt>
  <trkpt lat="51.5983508" lon="-0.1278847">
    <ele>25.0</ele>
    <time>2024-01-15T07:52:35Z</time>
    <extensions>
      <gpxtpx:TrackPointExtension>
        <gpxtpx:hr>167</gpxtpx:hr>
      </gpxtpx:TrackPointExtension>
    </extensions>
  </trkpt>
  <trkpt lat="51.5985201" lon="-0.1278338">
    <ele>25.2</ele>
    <time>2024-01-15T07:52:40Z</time>
    <extensions>
      <gpxtpx:TrackPointExtension>
        <gpxtpx:hr>166</gpxtpx:hr>
      </gpxtpx:TrackPointExtension>
    </extensions>
  </trkpt>
  <trkpt lat="51.5986995" lon="-0.1278473">
    <ele>25.3</ele>
    <time>2024-01-15T07:52:45Z</time>
    <extensions>
      <gpxtpx:TrackPointExtension>
        <gpxtpx:hr>166</gpxtpx:hr>
      </gpxtpx:TrackPointExtension>
    </extensions>
  </trkpt>
  <trkpt lat="51.5988616" lon="-0.1278437">
    <ele>24.6</ele>
    <time>2024-01-15T07:52:50Z</time>
    <extensions>
      <gpxtpx:TrackPointExtension>
        <gpxtpx:hr>166</gpxtpx:hr>
      </gpxtpx:TrackPointExtension>
    </extensions>
  </trkpt>
  <trkpt lat="51.5990142" lon="-0.1278096">
    <ele>25.0</ele>
    <time>2024-01-15T07:52:55Z</time>
    <extensions>
      <gpxtpx:TrackPointExtension>
        <gpxtpx:hr>166</gpxtpx:hr>
      </gpxtpx:TrackPointExtension>
    </extensions>
  </trkpt>
  <trkpt lat="51.5991741" lon="-0.1278141">
    <ele>24.8</ele>
    <time>2024-01-15T07:53:00Z</time>
    <extensions>
      <gpxtpx:TrackPointExtension>
        <gpxtpx:hr>166</gpxtpx:hr>
      </gpxtpx:TrackPointExtension>
    </extensions>
  </trkpt>
  <trkpt lat="51.5993449" lon="-0.1278272">
    <ele>24.9</ele>
    <time>2024-01-15T07:53:05Z</time>
    <extensions>
      <gpxtpx:TrackPointExtension>
        <gpxtpx:hr>167</gpxtpx:hr>
      </gpxtpx:TrackPointExtension>
    </extensions>
  </trkpt>
  <trkpt lat="51.5995166" lon="-0.1278445">
    <ele>25.5</ele>
    <time>2024-01-15T07:53:10Z</time>
    <extensions>
      <gpxtpx:TrackPointExtension>
        <gpxtpx:hr>166</gpxtpx:hr>
      </gpxtpx:TrackPointExtension>
    </extensions>
  </trkpt>
  <trkpt lat="51.5996780" lon="-0.1278220">
    <ele>25.4</ele>
    <time>2024-01-15T07:53:15Z</time>
    <extensions>
      <gpxtpx:TrackPointExtension>
        <gpxtpx:hr>166</gpxtpx:hr>
      </gpxtpx:TrackPointExtension>
    </extensions>
  </trkpt>
  <trkpt lat="51.5998432" lon="-0.1277834">
    <ele>25.0</ele>
    <time>2024-01-15T07:53:20Z</time>
    <extensions>
      <gpxtpx:TrackPointExtension>
        <gpxtpx:hr>166</gpxtpx:hr>
      </gpxtpx:TrackPointExtension>
    </extensions>
  </trkpt>
  <trkpt lat="51.6000161" lon="-0.1277812">
    <ele>25.4</ele>
    <time>2024-01-15T07:53:25Z</time>
    <extensions>
      <gpxtpx:TrackPointExtension>
        <gpxtpx:hr>166</gpxtpx:hr>
      </gpxtpx:TrackPointExtension>
    </extensions>
  </trkpt>
  <trkpt lat="51.6001674" lon="-0.1277790">
    <ele>24.1</ele>
    <time>2024-01-15T07:53:30Z</time>
    <extensions>
      <gpxtpx:TrackPointExtension>
        <gpxtpx:hr>168</gpxtpx:hr>
      </gpxtpx:TrackPointExtension>
    </extensions>
  </trkpt>
  <trkpt lat="51.6003397" lon="-0.1277721">
    <ele>25.0</ele>
    <time>2024-01-15T07:53:35Z</time>
    <extensions>
      <gpxtpx:TrackPointExtension>
        <gpxtpx:hr>169</gpxtpx:hr>
      </gpxtpx:TrackPointExtension>
    </extensions>
  </trkpt>
  <trkpt lat="51.6005071" lon="-0.1277845">
    <ele>25.4</ele>
    <time>2024-01-15T07:53:40Z</time>
    <extensions>
      <gpxtpx:TrackPointExtension>
        <gpxtpx:hr>168</gpxtpx:hr>
      </gpxtpx:TrackPointExtension>
    </extensions>
  </trkpt>
  <trkpt lat="51.6006623" lon="-0.1277518">
    <ele>24.6</ele>
    <time>2024-01-15T07:53:45Z</time>
    <extensions>
      <gpxtpx:TrackPointExtension>
        <gpxtpx:hr>168</gpxtpx:hr>
      </gpxtpx:TrackPointExtension>
    </extensions>
  </trkpt>
  <trkpt lat="51.6008232" lon="-0.1277525">
    <ele>24.7</ele>
    <time>2024-01-15T07:53:50Z</time>
    <extensions>
      <gpxtpx:TrackPointExtension>
        <gpxtpx:hr>168</gpxtpx:hr>
      </gpxtpx:TrackPointExtension>
    </extensions>
  </trkpt>
  <trkpt lat="51.6009974" lon="-0.1277769">
    <ele>24.3</ele>
    <time>2024-01-15T07:53:55Z</time>
    <extensions>
      <gpxtpx:TrackPointExtension>
        <gpxtpx:hr>167</gpxtpx:hr>
      </gpxtpx:TrackPointExtension>
    </extensions>
  </trkpt>
  <trkpt lat="51.6011098" lon="-0.1277617">
    <ele>24.1</ele>
    <time>2024-01-15T07:54:00Z</time>
    <extensions>
      <gpxtpx:TrackPointExtension>
        <gpxtpx:hr>163</gpxtpx:hr>
      </gpxtpx:TrackPointExtension>
    </extensions>
  </trkpt>
  <trkpt lat="51.6012232" lon="-0.1277574">
    <ele>24.2</ele>
    <time>2024-01-15T07:54:05Z</time>
    <extensions>
      <gpxtpx:TrackPointExtension>
        <gpxtpx:hr>161</gpxtpx:hr>
      </gpxtpx:TrackPointExtension>
    </extensions>
  </trkpt>
  <trkpt lat="51.6013500" lon="-0.1277225">
    <ele>24.7</ele>
    <time>2024-01-15T07:54:10Z</time>
    <extensions>
      <gpxtpx:TrackPointExtension>
        <gpxtpx:hr>158</gpxtpx:hr>
      </gpxtpx:TrackPointExtension>
    </extensions>
  </trkpt>
  <trkpt lat="51.6014658" lon="-0.1277148">
    <ele>24.3</ele>
    <time>2024-01-15T07:54:15Z</time>
    <extensions>
      <gpxtpx:TrackPointExtension>
        <gpxtpx:hr>154</gpxtpx:hr>
      </gpxtpx:TrackPointExtension>
    </extensions>
  </trkpt>
  <trkpt lat="51.6015890" lon="-0.1277363">
    <ele>23.9</ele>
    <time>2024-01-15T07:54:20Z</time>
    <extensions>
      <gpxtpx:TrackPointExtension>
        <gpxtpx:hr>152</gpxtpx:hr>
      </gpxtpx:TrackPointExtension>
    </extensions>
  </trkpt>
  <trkpt lat="51.6017071" lon="-0.1277498">
    <ele>24.3</ele>
    <time>2024-01-15T07:54:25Z</time>
    <extensions>
      <gpxtpx:TrackPointExtension>
        <gpxtpx:hr>149</gpxtpx:hr>
      </gpxtpx:TrackPointExtension>
    </extensions>
  </trkpt>
  <trkpt lat="51.6018226" lon="-0.1277654">
    <ele>24.5</ele>
    <time>2024-01-15T07:54:30Z</time>
    <extensions>
      <gpxtpx:TrackPointExtension>
        <gpxtpx:hr>149</gpxtpx:hr>
      </gpxtpx:TrackPointExtension>
    </extensions>
  </trkpt>
  <trkpt lat="51.6019324" lon="-0.1277712">
    <ele>24.5</ele>
    <time>2024-01-15T07:54:35Z</time>
    <extensions>
      <gpxtpx:TrackPointExtension>
        <gpxtpx:hr>149</gpxtpx:hr>
      </gpxtpx:TrackPointExtension>
    </extensions>
  </trkpt>
  <trkpt lat="51.6020536" lon="-0.1277845">
    <ele>24.0</ele>
    <time>2024-01-15T07:54:40Z</time>
    <extensions>
      <gpxtpx:TrackPointExtension>
        <gpxtpx:hr>150</gpxtpx:hr>
      </gpxtpx:TrackPointExtension>
    </extensions>
  </trkpt>
  <trkpt lat="51.6021666" lon="-0.1277884">
    <ele>23.8</ele>
    <time>2024-01-15T07:54:45Z</time>
    <extensions>
      <gpxtpx:TrackPointExtension>
        <gpxtpx:hr>150</gpxtpx:hr>
      </gpxtpx:TrackPointExtension>
    </extensions>
  </trkpt>
  <trkpt lat="51.6022877" lon="-0.1277663">
    <ele>23.3</ele>
    <time>2024-01-15T07:54:50Z</time>
    <extensions>
      <gpxtpx:TrackPointExtension>
        <gpxtpx:hr>148</gpxtpx:hr>
      </gpxtpx:TrackPointExtension>
    </extensions>
  </trkpt>
  <trkpt lat="51.6024031" lon="-0.1277697">
    <ele>24.0</ele>
    <time>2024-01-15T07:54:55Z</time>
    <extensions>
      <gpxtpx:TrackPointExtension>
        <gpxtpx:hr>148</gpxtpx:hr>
      </gpxtpx:TrackPointExtension>
    </extensions>
  </trkpt>
  <trkpt lat="51.6025168" lon="-0.1277681">
    <ele>23.5</ele>
    <time>2024-01-15T07:55:00Z</time>
    <extensions>
      <gpxtpx:TrackPointExtension>
        <gpxtpx:hr>147</gpxtpx:hr>
      </gpxtpx:TrackPointExtension>
    </extensions>
  </trkpt>
  <trkpt lat="51.6026368" lon="-0.1277846">
    <ele>24.0</ele>
    <time>2024-01-15T07:55:05Z</time>
    <extensions>
      <gpxtpx:TrackPointExtension>
        <gpxtpx:hr>144</gpxtpx:hr>
      </gpxtpx:TrackPointExtension>
    </extensions>
  </trkpt>
  <trkpt lat="51.6027468" lon="-0.1277737">
    <ele>23.5</ele>
    <time>2024-01-15T07:55:10Z</time>
    <extensions>
      <gpxtpx:TrackPointExtension>
        <gpxtpx:hr>143</gpxtpx:hr>
      </gpxtpx:TrackPointExtension>
    </extensions>
  </trkpt>
  <trkpt lat="51.6028647" lon="-0.1277526">
    <ele>24.1</ele>
    <time>2024-01-15T07:55:15Z</time>
    <extensions>
      <gpxtpx:TrackPointExtension>
        <gpxtpx:hr>142</gpxtpx:hr>
      </gpxtpx:TrackPointExtension>
    </extensions>
  </trkpt>
  <trkpt lat="51.6029856" lon="-0.1277569">
    <ele>23.1</ele>
    <time>2024-01-15T07:55:20Z</time>
    <extensions>
      <gpxtpx:TrackPointExtension>
        <gpxtpx:hr>140</gpxtpx:hr>
      </gpxtpx:TrackPointExtension>
    </extensions>
  </trkpt>
  <trkpt lat="51.6031020" lon="-0.1277632">
    <ele>22.9</ele>
    <time>2024-01-15T07:55:25Z</time>
    <extensions>
      <gpxtpx:TrackPointExtension>
        <gpxtpx:hr>139</gpxtpx:hr>
      </gpxtpx:TrackPointExtension>
    </extensions>
  </trkpt>
  <trkpt lat="51.6032164" lon="-0.1277685">
    <ele>23.5</ele>
    <time>2024-01-15T07:55:30Z</time>
    <extensions>
      <gpxtpx:TrackPointExtension>
        <gpxtpx:hr>140</gpxtpx:hr>
      </gpxtpx:TrackPointExtension>
    </extensions>
  </trkpt>
  <trkpt lat="51.6033394" lon="-0.1277606">
    <ele>23.7</ele>
    <time>2024-01-15T07:55:35Z</time>
    <extensions>
      <gpxtpx:TrackPointExtension>
        <gpxtpx:hr>139</gpxtpx:hr>
      </gpxtpx:TrackPointExtension>
    </extensions>
  </trkpt>
  <trkpt lat="51.6034550" lon="-0.1277700">
    <ele>22.6</ele>
    <time>2024-01-15T07:55:40Z</time>
    <extensions>
      <gpxtpx:TrackPointExtension>
        <gpxtpx:hr>138</gpxtpx:hr>
      </gpxtpx:TrackPointExtension>
    </extensions>
  </trkpt>
  <trkpt lat="51.6035641" lon="-0.1277328">
    <ele>22.9</ele>
    <time>2024-01-15T07:55:45Z</time>
    <extensions>
      <gpxtpx:TrackPointExtension>
        <gpxtpx:hr>136</gpxtpx:hr>
      </gpxtpx:TrackPointExtension>
    </extensions>
  </trkpt>
  <trkpt lat="51.6036802" lon="-0.1277439">
    <ele>23.3</ele>
    <time>2024-01-15T07:55:50Z</time>
    <extensions>
      <gpxtpx:TrackPointExtension>
        <gpxtpx:hr>137</gpxtpx:hr>
      </gpxtpx:TrackPointExtension>
    </extensions>
  </trkpt>
  <trkpt lat="51.6037970" lon="-0.1277049">
    <ele>22.7</ele>
    <time>2024-01-15T07:55:55Z</time>
    <extensions>
      <gpxtpx:TrackPointExtension>
        <gpxtpx:hr>137</gpxtpx:hr>
      </gpxtpx:TrackPointExtension>
    </extensions>
  </trkpt>
  <trkpt lat="51.6039608" lon="-0.1277246">
    <ele>22.8</ele>
    <time>2024-01-15T07:56:00Z</time>
    <extensions>
      <gpxtpx:TrackPointExtension>
        <gpxtpx:hr>141</gpxtpx:hr>
      </gpxtpx:TrackPointExtension>
    </extensions>
  </trkpt>
  <trkpt lat="51.6041317" lon="-0.1277297">
    <ele>22.5</ele>
    <time>2024-01-15T07:56:05Z</time>
    <extensions>
      <gpxtpx:TrackPointExtension>
        <gpxtpx:hr>143</gpxtpx:hr>
      </gpxtpx:TrackPointExtension>
    </extensions>
  </trkpt>
  <trkpt lat="51.6043143" lon="-0.1277296">
    <ele>22.5</ele>
    <time>2024-01-15T07:56:10Z</time>
    <extensions>
      <gpxtpx:TrackPointExtension>
        <gpxtpx:hr>145</gpxtpx:hr>
      </gpxtpx:TrackPointExtension>
    </extensions>
  </trkpt>
  <trkpt lat="51.6044703" lon="-0.1277099">
    <ele>21.9</ele>
    <time>2024-01-15T07:56:15Z</time>
    <extensions>
      <gpxtpx:TrackPointExtension>
        <gpxtpx:hr>147</gpxtpx:hr>
      </gpxtpx:TrackPointExtension>
    </extensions>
  </trkpt>
  <trkpt lat="51.6046405" lon="-0.1277103">
    <ele>21.8</ele>
    <time>2024-01-15T07:56:20Z</time>
    <extensions>
      <gpxtpx:TrackPointExtension>
        <gpxtpx:hr>150</gpxtpx:hr>
      </gpxtpx:TrackPointExtension>
    </extensions>
  </trkpt>
  <trkpt lat="51.6048188" lon="-0.1277053">
    <ele>22.3</ele>
    <time>2024-01-15T07:56:25Z</time>
    <extensions>
      <gpxtpx:TrackPointExtension>
        <gpxtpx:hr>153</gpxtpx:hr>
      </gpxtpx:TrackPointExtension>
    </extensions>
  </trkpt>
  <trkpt lat="51.6049773" lon="-0.1277306">
    <ele>21.4</ele>
    <time>2024-01-15T07:56:30Z</time>
    <extensions>
      <gpxtpx:TrackPointExtension>
        <gpxtpx:hr>156</gpxtpx:hr>
      </gpxtpx:TrackPointExtension>
    </extensions>
  </trkpt>
  <trkpt lat="51.6051531" lon="-0.1277185">
    <ele>21.7</ele>
    <time>2024-01-15T07:56:35Z</time>
    <extensions>
      <gpxtpx:TrackPointExtension>
        <gpxtpx:hr>156</gpxtpx:hr>
      </gpxtpx:TrackPointExtension>
    </extensions>
  </trkpt>
  <trkpt lat="51.6053206" lon="-0.1277077">
    <ele>21.5</ele>
    <time>2024-01-15T07:56:40Z</time>
    <extensions>
      <gpxtpx:TrackPointExtension>
        <gpxtpx:hr>156</gpxtpx:hr>
      </gpxtpx:TrackPointExtension>
    </extensions>
  </trkpt>
  <trkpt lat="51.6054819" lon="-0.1277172">
    <ele>20.3</ele>
    <time>2024-01-15T07:56:45Z</time>
    <extensions>
      <gpxtpx:TrackPointExtension>
        <gpxtpx:hr>158</gpxtpx:hr>
      </gpxtpx:TrackPointExtension>
    </extensions>
  </trkpt>
  <trkpt lat="51.6056448" lon="-0.1277200">
    <ele>21.0</ele>
    <time>2024-01-15T07:56:50Z</time>
    <extensions>
      <gpxtpx:TrackPointExtension>
        <gpxtpx:hr>158</gpxtpx:hr>
      </gpxtpx:TrackPointExtension>
    </extensions>
  </trkpt>
  <trkpt lat="51.6058062" lon="-0.1277391">
    <ele>20.7</ele>
    <time>2024-01-15T07:56:55Z</time>
    <extensions>
      <gpxtpx:TrackPointExtension>
        <gpxtpx:hr>159</gpxtpx:hr>
      </gpxtpx:TrackPointExtension>
    </extensions>
  </trkpt>
  <trkpt lat="51.6059688" lon="-0.1277070">
    <ele>20.9</ele>
    <time>2024-01-15T07:57:00Z</time>
    <extensions>
      <gpxtpx:TrackPointExtension>
        <gpxtpx:hr>160</gpxtpx:hr>
      </gpxtpx:TrackPointExtension>
    </extensions>
  </trkpt>
  <trkpt lat="51.6061515" lon="-0.1276982">
    <ele>20.4</ele>
    <time>2024-01-15T07:57:05Z</time>
    <extensions>
      <gpxtpx:TrackPointExtension>
        <gpxtpx:hr>159</gpxtpx:hr>
      </gpxtpx:TrackPointExtension>
    </extensions>
  </trkpt>
  <trkpt lat="51.6063107" lon="-0.1276463">
    <ele>19.9</ele>
    <time>2024-01-15T07:57:10Z</time>
    <extensions>
      <gpxtpx:TrackPointExtension>
        <gpxtpx:hr>160</gpxtpx:hr>
      </gpxtpx:TrackPointExtension>
    </extensions>
  </trkpt>
  <trkpt lat="51.6064669" lon="-0.1276453">
    <ele>20.3</ele>
    <time>2024-01-15T07:57:15Z</time>
    <extensions>
      <gpxtpx:TrackPointExtension>
        <gpxtpx:hr>161</gpxtpx:hr>
      </gpxtpx:TrackPointExtension>
    </extensions>
  </trkpt>
  <trkpt lat="51.6066224" lon="-0.1276887">
    <ele>19.8</ele>
    <time>2024-01-15T07:57:20Z</time>
    <extensions>
      <gpxtpx:TrackPointExtension>
        <gpxtpx:hr>161</gpxtpx:hr>
      </gpxtpx:TrackPointExtension>
    </extensions>
  </trkpt>
  <trkpt lat="51.6068020" lon="-0.1277356">
    <ele>19.5</ele>
    <time>2024-01-15T07:57:25Z</time>
    <extensions>
      <gpxtpx:TrackPointExtension>
        <gpxtpx:hr>162</gpxtpx:hr>
      </gpxtpx:TrackPointExtension>
    </extensions>
  </trkpt>
  <trkpt lat="51.6069773" lon="-0.1277395">
    <ele>19.4</ele>
    <time>2024-01-15T07:57:30Z</time>
    <extensions>
      <gpxtpx:TrackPointExtension>
        <gpxtpx:hr>162</gpxtpx:hr>
      </gpxtpx:TrackPointExtension>
    </extensions>
  </trkpt>
  <trkpt lat="51.6071283" lon="-0.1277403">
    <ele>19.6</ele>
    <time>2024-01-15T07:57:35Z</time>
    <extensions>
      <gpxtpx:TrackPointExtension>
        <gpxtpx:hr>165</gpxtpx:hr>
      </gpxtpx:TrackPointExtension>
    </extensions>
  </trkpt>
  <trkpt lat="51.6072850" lon="-0.1277586">
    <ele>18.8</ele>
    <time>2024-01-15T07:57:40Z</time>
    <extensions>
      <gpxtpx:TrackPointExtension>
        <gpxtpx:hr>165</gpxtpx:hr>
      </gpxtpx:TrackPointExtension>
    </extensions>
  </trkpt>
  <trkpt lat="51.6074473" lon="-0.1277604">
    <ele>19.0</ele>
    <time>2024-01-15T07:57:45Z</time>
    <extensions>
      <gpxtpx:TrackPointExtension>
        <gpxtpx:hr>166</gpxtpx:hr>
      </gpxtpx:TrackPointExtension>
    </extensions>
  </trkpt>
  <trkpt lat="51.6076123" lon="-0.1277699">
    <ele>18.6</ele>
    <time>2024-01-15T07:57:50Z</time>
    <extensions>
      <gpxtpx:TrackPointExtension>
        <gpxtpx:hr>165</gpxtpx:hr>
      </gpxtpx:TrackPointExtension>
    </extensions>
  </trkpt>
  <trkpt lat="51.6077715" lon="-0.1277741">
    <ele>18.8</ele>
    <time>2024-01-15T07:57:55Z</time>
    <extensions>
      <gpxtpx:TrackPointExtension>
        <gpxtpx:hr>165</gpxtpx:hr>
      </gpxtpx:TrackPointExtension>
    </extensions>
  </trkpt>
  <trkpt lat="51.6079331" lon="-0.1278124">
    <ele>18.1</ele>
    <time>2024-01-15T07:58:00Z</time>
    <extensions>
      <gpxtpx:TrackPointExtension>
        <gpxtpx:hr>165</gpxtpx:hr>
      </gpxtpx:TrackPointExtension>
    </extensions>
  </trkpt>
  <trkpt lat="51.6081006" lon="-0.1278019">
    <ele>18.7</ele>
    <time>2024-01-15T07:58:05Z</time>
    <extensions>
      <gpxtpx:TrackPointExtension>
        <gpxtpx:hr>166</gpxtpx:hr>
      </gpxtpx:TrackPointExtension>
    </extensions>
  </trkpt>
  <trkpt lat="51.6082732" lon="-0.1278101">
    <ele>18.3</ele>
    <time>2024-01-15T07:58:10Z</time>
    <extensions>
      <gpxtpx:TrackPointExtension>
        <gpxtpx:hr>167</gpxtpx:hr>
      </gpxtpx:TrackPointExtension>
    </extensions>
  </trkpt>
  <trkpt lat="51.6084523" lon="-0.1277903">
    <ele>17.8</ele>
    <time>2024-01-15T07:58:15Z</time>
    <extensions>
      <gpxtpx:TrackPointExtension>
        <gpxtpx:hr>168</gpxtpx:hr>
      </gpxtpx:TrackPointExtension>
    </extensions>
  </trkpt>
  <trkpt lat="51.6086223" lon="-0.1277702">
    <ele>17.8</ele>
    <time>2024-01-15T07:58:20Z</time>
    <extensions>
      <gpxtpx:TrackPointExtension>
        <gpxtpx:hr>168</gpxtpx:hr>
      </gpxtpx:TrackPointExtension>
    </extensions>
  </trkpt>
  <trkpt lat="51.6087977" lon="-0.1278189">
    <ele>17.4</ele>
    <time>2024-01-15T07:58:25Z</time>
    <extensions>
      <gpxtpx:TrackPointExtension>
        <gpxtpx:hr>168</gpxtpx:hr>
      </gpxtpx:TrackPointExtension>
    </extensions>
  </trkpt>
  <trkpt lat="51.6089596" lon="-0.1278388">
    <ele>17.5</ele>
    <time>2024-01-15T07:58:30Z</time>
    <extensions>
      <gpxtpx:TrackPointExtension>
        <gpxtpx:hr>169</gpxtpx:hr>
      </gpxtpx:TrackPointExtension>
    </extensions>
  </trkpt>
  <trkpt lat="51.6091351" lon="-0.1278121">
    <ele>17.0</ele>
    <time>2024-01-15T07:58:35Z</time>
    <extensions>
      <gpxtpx:TrackPointExtension>
        <gpxtpx:hr>168</gpxtpx:hr>
      </gpxtpx:TrackPointExtension>
    </extensions>
  </trkpt>
  <trkpt lat="51.6092992" lon="-0.1278125">
    <ele>17.2</ele>
    <time>2024-01-15T07:58:40Z</time>
    <extensions>
      <gpxtpx:TrackPointExtension>
        <gpxtpx:hr>167</gpxtpx:hr>
      </gpxtpx:TrackPointExtension>
    </extensions>
  </trkpt>
  <trkpt lat="51.6094661" lon="-0.1278329">
    <ele>17.0</ele>
    <time>2024-01-15T07:58:45Z</time>
    <extensions>
      <gpxtpx:TrackPointExtension>
        <gpxtpx:hr>166</gpxtpx:hr>
      </gpxtpx:TrackPointExtension>
    </extensions>
  </trkpt>
  <trkpt lat="51.6096319" lon="-0.1278297">
    <ele>16.0</ele>
    <time>2024-01-15T07:58:50Z</time>
    <extensions>
      <gpxtpx:TrackPointExtension>
        <gpxtpx:hr>167</gpxtpx:hr>
      </gpxtpx:TrackPointExtension>
    </extensions>
  </trkpt>
  <trkpt lat="51.6097857" lon="-0.1277959">
    <ele>16.9</ele>
    <time>2024-01-15T07:58:55Z</time>
    <extensions>
      <gpxtpx:TrackPointExtension>
        <gpxtpx:hr>166</gpxtpx:hr>
      </gpxtpx:TrackPointExtension>
    </extensions>
  </trkpt>
  <trkpt lat="51.6099621" lon="-0.1278255">
    <ele>17.0</ele>
    <time>2024-01-15T07:59:00Z</time>
    <extensions>
      <gpxtpx:TrackPointExtension>
        <gpxtpx:hr>166</gpxtpx:hr>
      </gpxtpx:TrackPointExtension>
    </extensions>
  </trkpt>
  <trkpt lat="51.6101250" lon="-0.1278242">
    <ele>16.2</ele>
    <time>2024-01-15T07:59:05Z</time>
    <extensions>
      <gpxtpx:TrackPointExtension>
        <gpxtpx:hr>167</gpxtpx:hr>
      </gpxtpx:TrackPointExtension>
    </extensions>
  </trkpt>
  <trkpt lat="51.6102767" lon="-0.1277859">
    <ele>16.0</ele>
    <time>2024-01-15T07:59:10Z</time>
    <extensions>
      <gpxtpx:TrackPointExtension>
        <gpxtpx:hr>168</gpxtpx:hr>
      </gpxtpx:TrackPointExtension>
    </extensions>
  </trkpt>
  <trkpt lat="51.6104324" lon="-0.1277785">
    <ele>16.5</ele>
    <time>2024-01-15T07:59:15Z</time>
    <extensions>
      <gpxtpx:TrackPointExtension>
        <gpxtpx:hr>169</gpxtpx:hr>
      </gpxtpx:TrackPointExtension>
    </extensions>
  </trkpt>
  <trkpt lat="51.6105945" lon="-0.1278020">
    <ele>16.1</ele>
    <time>2024-01-15T07:59:20Z</time>
    <extensions>
      <gpxtpx:TrackPointExtension>
        <gpxtpx:hr>170</gpxtpx:hr>
      </gpxtpx:TrackPointExtension>
    </extensions>
  </trkpt>
  <trkpt lat="51.6107578" lon="-0.1277859">
    <ele>16.1</ele>
    <time>2024-01-15T07:59:25Z</time>
    <extensions>
      <gpxtpx:TrackPointExtension>
        <gpxtpx:hr>170</gpxtpx:hr>
      </gpxtpx:TrackPointExtension>
    </extensions>
  </trkpt>
  <trkpt lat="51.6109225" lon="-0.1277906">
    <ele>15.7</ele>
    <time>2024-01-15T07:59:30Z</time>
    <extensions>
      <gpxtpx:TrackPointExtension>
        <gpxtpx:hr>169</gpxtpx:hr>
      </gpxtpx:TrackPointExtension>
    </extensions>
  </trkpt>
  <trkpt lat="51.6110926" lon="-0.1277635">
    <ele>15.7</ele>
    <time>2024-01-15T07:59:35Z</time>
    <extensions>
      <gpxtpx:TrackPointExtension>
        <gpxtpx:hr>169</gpxtpx:hr>
      </gpxtpx:TrackPointExtension>
    </extensions>
  </trkpt>
  <trkpt lat="51.6112605" lon="-0.1277490">
    <ele>16.2</ele>
    <time>2024-01-15T07:59:40Z</time>
    <extensions>
      <gpxtpx:TrackPointExtension>
        <gpxtpx:hr>169</gpxtpx:hr>
      </gpxtpx:TrackPointExtension>
    </extensions>
  </trkpt>
  <trkpt lat="51.6114444" lon="-0.1277558">
    <ele>15.0</ele>
    <time>2024-01-15T07:59:45Z</time>
    <extensions>
      <gpxtpx:TrackPointExtension>
        <gpxtpx:hr>170</gpxtpx:hr>
      </gpxtpx:TrackPointExtension>
    </extensions>
  </trkpt>
  <trkpt lat="51.6115939" lon="-0.1277586">
    <ele>15.7</ele>
    <time>2024-01-15T07:59:50Z</time>
    <extensions>
      <gpxtpx:TrackPointExtension>
        <gpxtpx:hr>169</gpxtpx:hr>
      </gpxtpx:TrackPointExtension>
    </extensions>
  </trkpt>
  <trkpt lat="51.6117894" lon="-0.1277519">
    <ele>15.4</ele>
    <time>2024-01-15T07:59:55Z</time>
    <extensions>
      <gpxtpx:TrackPointExtension>
        <gpxtpx:hr>168</gpxtpx:hr>
      </gpxtpx:TrackPointExtension>
    </extensions>
  </trkpt>
  <trkpt lat="51.6119029" lon="-0.1277374">
    <ele>16.0</ele>
    <time>2024-01-15T08:00:00Z</time>
    <extensions>
      <gpxtpx:TrackPointExtension>
        <gpxtpx:hr>165</gpxtpx:hr>
      </gpxtpx:TrackPointExtension>
    </extensions>
  </trkpt>
  <trkpt lat="51.6120181" lon="-0.1277437">
    <ele>15.3</ele>
    <time>2024-01-15T08:00:05Z</time>
    <extensions>
      <gpxtpx:TrackPointExtension>
        <gpxtpx:hr>163</gpxtpx:hr>
      </gpxtpx:TrackPointExtension>
    </extensions>
  </trkpt>
  <trkpt lat="51.6121314" lon="-0.1278156">
    <ele>15.2</ele>
    <time>2024-01-15T08:00:10Z</time>
    <extensions>
      <gpxtpx:TrackPointExtension>
        <gpxtpx:hr>161</gpxtpx:hr>
      </gpxtpx:TrackPointExtension>
    </extensions>
  </trkpt>
  <trkpt lat="51.6122493" lon="-0.1278280">
    <ele>14.6</ele>
    <time>2024-01-15T08:00:15Z</time>
    <extensions>
      <gpxtpx:TrackPointExtension>
        <gpxtpx:hr>159</gpxtpx:hr>
      </gpxtpx:TrackPointExtension>
    </extensions>
  </trkpt>
  <trkpt lat="51.6123501" lon="-0.1278093">
    <ele>15.7</ele>
    <time>2024-01-15T08:00:20Z</time>
    <extensions>
      <gpxtpx:TrackPointExtension>
        <gpxtpx:hr>157</gpxtpx:hr>
      </gpxtpx:TrackPointExtension>
    </extensions>
  </trkpt>
  <trkpt lat="51.6124642" lon="-0.1278257">
    <ele>14.6</ele>
    <time>2024-01-15T08:00:25Z</time>
    <extensions>
      <gpxtpx:TrackPointExtension>
        <gpxtpx:hr>156</gpxtpx:hr>
      </gpxtpx:TrackPointExtension>
    </extensions>
  </trkpt>
  <trkpt lat="51.6125766" lon="-0.1278041">
    <ele>14.7</ele>
    <time>2024-01-15T08:00:30Z</time>
    <extensions>
      <gpxtpx:TrackPointExtension>
        <gpxtpx:hr>154</gpxtpx:hr>
      </gpxtpx:TrackPointExtension>
    </extensions>
  </trkpt>
  <trkpt lat="51.6126910" lon="-0.1278063">
    <ele>14.4</ele>
    <time>2024-01-15T08:00:35Z</time>
    <extensions>
      <gpxtpx:TrackPointExtension>
        <gpxtpx:hr>152</gpxtpx:hr>
      </gpxtpx:TrackPointExtension>
    </extensions>
  </trkpt>
  <trkpt lat="51.6128132" lon="-0.1278162">
    <ele>15.9</ele>
    <time>2024-01-15T08:00:40Z</time>
    <extensions>
      <gpxtpx:TrackPointExtension>
        <gpxtpx:hr>151</gpxtpx:hr>
      </gpxtpx:TrackPointExtension>
    </extensions>
  </trkpt>
  <trkpt lat="51.6129243" lon="-0.1278303">
    <ele>15.4</ele>
    <time>2024-01-15T08:00:45Z</time>
    <extensions>
      <gpxtpx:TrackPointExtension>
        <gpxtpx:hr>149</gpxtpx:hr>
      </gpxtpx:TrackPointExtension>
    </extensions>
  </trkpt>
  <trkpt lat="51.6130366" lon="-0.1278232">
    <ele>15.4</ele>
    <time>2024-01-15T08:00:50Z</time>
    <extensions>
      <gpxtpx:TrackPointExtension>
        <gpxtpx:hr>148</gpxtpx:hr>
      </gpxtpx:TrackPointExtension>
    </extensions>
  </trkpt>
  <trkpt lat="51.6131413" lon="-0.1278230">
    <ele>15.2</ele>
    <time>2024-01-15T08:00:55Z</time>
    <extensions>
      <gpxtpx:TrackPointExtension>
        <gpxtpx:hr>147</gpxtpx:hr>
      </gpxtpx:TrackPointExtension>
    </extensions>
  </trkpt>
  <trkpt lat="51.6132593" lon="-0.1278647">
    <ele>14.8</ele>
    <time>2024-01-15T08:01:00Z</time>
    <extensions>
      <gpxtpx:TrackPointExtension>
        <gpxtpx:hr>146</gpxtpx:hr>
      </gpxtpx:TrackPointExtension>
    </extensions>
  </trkpt>
  <trkpt lat="51.6133682" lon="-0.1278615">
    <ele>14.7</ele>
    <time>2024-01-15T08:01:05Z</time>
    <extensions>
      <gpxtpx:TrackPointExtension>
        <gpxtpx:hr>146</gpxtpx:hr>
      </gpxtpx:TrackPointExtension>
    </extensions>
  </trkpt>
  <trkpt lat="51.6134780" lon="-0.1278904">
    <ele>14.9</ele>
    <time>2024-01-15T08:01:10Z</time>
    <extensions>
      <gpxtpx:TrackPointExtension>
        <gpxtpx:hr>146</gpxtpx:hr>
      </gpxtpx:TrackPointExtension>
    </extensions>
  </trkpt>
  <trkpt lat="51.6135887" lon="-0.1278967">
    <ele>15.2</ele>
    <time>2024-01-15T08:01:15Z</time>
    <extensions>
      <gpxtpx:TrackPointExtension>
        <gpxtpx:hr>146</gpxtpx:hr>
      </gpxtpx:TrackPointExtension>
    </extensions>
  </trkpt>
  <trkpt lat="51.6137022" lon="-0.1278887">
    <ele>14.8</ele>
    <time>2024-01-15T08:01:20Z</time>
    <extensions>
      <gpxtpx:TrackPointExtension>
        <gpxtpx:hr>146</gpxtpx:hr>
      </gpxtpx:TrackPointExtension>
    </extensions>
  </trkpt>
  <trkpt lat="51.6138106" lon="-0.1278948">
    <ele>15.7</ele>
    <time>2024-01-15T08:01:25Z</time>
    <extensions>
      <gpxtpx:TrackPointExtension>
        <gpxtpx:hr>146</gpxtpx:hr>
      </gpxtpx:TrackPointExtension>
    </extensions>
  </trkpt>
  <trkpt lat="51.6139306" lon="-0.1279365">
    <ele>14.8</ele>
    <time>2024-01-15T08:01:30Z</time>
    <extensions>
      <gpxtpx:TrackPointExtension>
        <gpxtpx:hr>146</gpxtpx:hr>
      </gpxtpx:TrackPointExtension>
    </extensions>
  </trkpt>
  <trkpt lat="51.6140489" lon="-0.1279428">
    <ele>15.5</ele>
    <time>2024-01-15T08:01:35Z</time>
    <extensions>
      <gpxtpx:TrackPointExtension>
        <gpxtpx:hr>144</gpxtpx:hr>
      </gpxtpx:TrackPointExtension>
    </extensions>
  </trkpt>
  <trkpt lat="51.6141587" lon="-0.1279223">
    <ele>14.8</ele>
    <time>2024-01-15T08:01:40Z</time>
    <extensions>
      <gpxtpx:TrackPointExtension>
        <gpxtpx:hr>145</gpxtpx:hr>
      </gpxtpx:TrackPointExtension>
    </extensions>
  </trkpt>
  <trkpt lat="51.6142893" lon="-0.1278797">
    <ele>15.1</ele>
    <time>2024-01-15T08:01:45Z</time>
    <extensions>
      <gpxtpx:TrackPointExtension>
        <gpxtpx:hr>145</gpxtpx:hr>
      </gpxtpx:TrackPointExtension>
    </extensions>
  </trkpt>
  <trkpt lat="51.6144153" lon="-0.1279071">
    <ele>15.1</ele>
    <time>2024-01-15T08:01:50Z</time>
    <extensions>
      <gpxtpx:TrackPointExtension>
        <gpxtpx:hr>144</gpxtpx:hr>
      </gpxtpx:TrackPointExtension>
    </extensions>
  </trkpt>
  <trkpt lat="51.6145435" lon="-0.1279266">
    <ele>15.5</ele>
    <time>2024-01-15T08:01:55Z</time>
    <extensions>
      <gpxtpx:TrackPointExtension>
        <gpxtpx:hr>144</gpxtpx:hr>
      </gpxtpx:TrackPointExtension>
    </extensions>
  </trkpt>
  <trkpt lat="51.6147080" lon="-0.1278515">
    <ele>15.7</ele>
    <time>2024-01-15T08:02:00Z</time>
    <extensions>
      <gpxtpx:TrackPointExtension>
        <gpxtpx:hr>148</gpxtpx:hr>
      </gpxtpx:TrackPointExtension>
    </extensions>
  </trkpt>
  <trkpt lat="51.6148612" lon="-0.1278310">
    <ele>14.7</ele>
    <time>2024-01-15T08:02:05Z</time>
    <extensions>
      <gpxtpx:TrackPointExtension>
        <gpxtpx:hr>148</gpxtpx:hr>
      </gpxtpx:TrackPointExtension>
    </extensions>
  </trkpt>
  <trkpt lat="51.6150367" lon="-0.1278237">
    <ele>15.4</ele>
    <time>2024-01-15T08:02:10Z</time>
    <extensions>
      <gpxtpx:TrackPointExtension>
        <gpxtpx:hr>150</gpxtpx:hr>
      </gpxtpx:TrackPointExtension>
    </extensions>
  </trkpt>
  <trkpt lat="51.6152038" lon="-0.1278108">
    <ele>15.3</ele>
    <time>2024-01-15T08:02:15Z</time>
    <extensions>
      <gpxtpx:TrackPointExtension>
        <gpxtpx:hr>153</gpxtpx:hr>
      </gpxtpx:TrackPointExtension>
    </extensions>
  </trkpt>
  <trkpt lat="51.6153739" lon="-0.1278826">
    <ele>15.2</ele>
    <time>2024-01-15T08:02:20Z</time>
    <extensions>
      <gpxtpx:TrackPointExtension>
        <gpxtpx:hr>156</gpxtpx:hr>
      </gpxtpx:TrackPointExtension>
    </extensions>
  </trkpt>
  <trkpt lat="51.6155515" lon="-0.1278578">
    <ele>15.7</ele>
    <time>2024-01-15T08:02:25Z</time>
    <extensions>
      <gpxtpx:TrackPointExtension>
        <gpxtpx:hr>158</gpxtpx:hr>
      </gpxtpx:TrackPointExtension>
    </extensions>
  </trkpt>
  <trkpt lat="51.6157083" lon="-0.1278855">
    <ele>15.4</ele>
    <time>2024-01-15T08:02:30Z</time>
    <extensions>
      <gpxtpx:TrackPointExtension>
        <gpxtpx:hr>158</gpxtpx:hr>
      </gpxtpx:TrackPointExtension>
    </extensions>
  </trkpt>
  <trkpt lat="51.6158579" lon="-0.1278646">
    <ele>15.9</ele>
    <time>2024-01-15T08:02:35Z</time>
    <extensions>
      <gpxtpx:TrackPointExtension>
        <gpxtpx:hr>159</gpxtpx:hr>
      </gpxtpx:TrackPointExtension>
    </extensions>
  </trkpt>
  <trkpt lat="51.6160207" lon="-0.1278677">
    <ele>16.0</ele>
    <time>2024-01-15T08:02:40Z</time>
    <extensions>
      <gpxtpx:TrackPointExtension>
        <gpxtpx:hr>161</gpxtpx:hr>
      </gpxtpx:TrackPointExtension>
    </extensions>
  </trkpt>
  <trkpt lat="51.6161891" lon="-0.1279016">
    <ele>15.8</ele>
    <time>2024-01-15T08:02:45Z</time>
    <extensions>
      <gpxtpx:TrackPointExtension>
        <gpxtpx:hr>162</gpxtpx:hr>
      </gpxtpx:TrackPointExtension>
    </extensions>
  </trkpt>
  <trkpt lat="51.6163697" lon="-0.1279240">
    <ele>16.0</ele>
    <time>2024-01-15T08:02:50Z</time>
    <extensions>
      <gpxtpx:TrackPointExtension>
        <gpxtpx:hr>162</gpxtpx:hr>
      </gpxtpx:TrackPointExtension>
    </extensions>
  </trkpt>
  <trkpt lat="51.6165305" lon="-0.1279295">
    <ele>16.0</ele>
    <time>2024-01-15T08:02:55Z</time>
    <extensions>
      <gpxtpx:TrackPointExtension>
        <gpxtpx:hr>163</gpxtpx:hr>
      </gpxtpx:TrackPointExtension>
    </extensions>
  </trkpt>
  <trkpt lat="51.6166915" lon="-0.1279190">
    <ele>16.6</ele>
    <time>2024-01-15T08:03:00Z</time>
    <extensions>
      <gpxtpx:TrackPointExtension>
        <gpxtpx:hr>164</gpxtpx:hr>
      </gpxtpx:TrackPointExtension>
    </extensions>
  </trkpt>
  <trkpt lat="51.6168616" lon="-0.1279627">
    <ele>16.5</ele>
    <time>2024-01-15T08:03:05Z</time>
    <extensions>
      <gpxtpx:TrackPointExtension>
        <gpxtpx:hr>164</gpxtpx:hr>
      </gpxtpx:TrackPointExtension>
    </extensions>
  </trkpt>
  <trkpt lat="51.6170281" lon="-0.1279541">
    <ele>16.2</ele>
    <time>2024-01-15T08:03:10Z</time>
    <extensions>
      <gpxtpx:TrackPointExtension>
        <gpxtpx:hr>163</gpxtpx:hr>
      </gpxtpx:TrackPointExtension>
    </extensions>
  </trkpt>
  <trkpt lat="51.6171892" lon="-0.1279340">
    <ele>16.7</ele>
    <time>2024-01-15T08:03:15Z</time>
    <extensions>
      <gpxtpx:TrackPointExtension>
        <gpxtpx:hr>163</gpxtpx:hr>
      </gpxtpx:TrackPointExtension>
    </extensions>
  </trkpt>
  <trkpt lat="51.6173643" lon="-0.1279665">
    <ele>16.8</ele>
    <time>2024-01-15T08:03:20Z</time>
    <extensions>
      <gpxtpx:TrackPointExtension>
        <gpxtpx:hr>163</gpxtpx:hr>
      </gpxtpx:TrackPointExtension>
    </extensions>
  </trkpt>
  <trkpt lat="51.6175268" lon="-0.1279474">
    <ele>17.1</ele>
    <time>2024-01-15T08:03:25Z</time>
    <extensions>
      <gpxtpx:TrackPointExtension>
        <gpxtpx:hr>166</gpxtpx:hr>
      </gpxtpx:TrackPointExtension>
    </extensions>
  </trkpt>
  <trkpt lat="51.6176978" lon="-0.1279215">
    <ele>17.0</ele>
    <time>2024-01-15T08:03:30Z</time>
    <extensions>
      <gpxtpx:TrackPointExtension>
        <gpxtpx:hr>164</gpxtpx:hr>
      </gpxtpx:TrackPointExtension>
    </extensions>
  </trkpt>
  <trkpt lat="51.6178537" lon="-0.1279044">
    <ele>17.7</ele>
    <time>2024-01-15T08:03:35Z</time>
    <extensions>
      <gpxtpx:TrackPointExtension>
        <gpxtpx:hr>166</gpxtpx:hr>
      </gpxtpx:TrackPointExtension>
    </extensions>
  </trkpt>
  <trkpt lat="51.6180292" lon="-0.1278820">
    <ele>17.6</ele>
    <time>2024-01-15T08:03:40Z</time>
    <extensions>
      <gpxtpx:TrackPointExtension>
        <gpxtpx:hr>166</gpxtpx:hr>
      </gpxtpx:TrackPointExtension>
    </extensions>
  </trkpt>
  <trkpt lat="51.6181947" lon="-0.1278611">
    <ele>17.6</ele>
    <time>2024-01-15T08:03:45Z</time>
    <extensions>
      <gpxtpx:TrackPointExtension>
        <gpxtpx:hr>167</gpxtpx:hr>
      </gpxtpx:TrackPointExtension>
    </extensions>
  </trkpt>
  <trkpt lat="51.6183639" lon="-0.1278711">
    <ele>17.9</ele>
    <time>2024-01-15T08:03:50Z</time>
    <extensions>
      <gpxtpx:TrackPointExtension>
        <gpxtpx:hr>167</gpxtpx:hr>
      </gpxtpx:TrackPointExtension>
    </extensions>
  </trkpt>
  <trkpt lat="51.6185173" lon="-0.1278772">
    <ele>17.6</ele>
    <time>2024-01-15T08:03:55Z</time>
    <extensions>
      <gpxtpx:TrackPointExtension>
        <gpxtpx:hr>165</gpxtpx:hr>
      </gpxtpx:TrackPointExtension>
    </extensions>
  </trkpt>
  <trkpt lat="51.6186306" lon="-0.1278945">
    <ele>17.7</ele>
    <time>2024-01-15T08:04:00Z</time>
    <extensions>
      <gpxtpx:TrackPointExtension>
        <gpxtpx:hr>160</gpxtpx:hr>
      </gpxtpx:TrackPointExtension>
    </extensions>
  </trkpt>
  <trkpt lat="51.6187581" lon="-0.1278878">
    <ele>18.0</ele>
    <time>2024-01-15T08:04:05Z</time>
    <extensions>
      <gpxtpx:TrackPointExtension>
        <gpxtpx:hr>157</gpxtpx:hr>
      </gpxtpx:TrackPointExtension>
    </extensions>
  </trkpt>
  <trkpt lat="51.6188670" lon="-0.1279037">
    <ele>18.1</ele>
    <time>2024-01-15T08:04:10Z</time>
    <extensions>
      <gpxtpx:TrackPointExtension>
        <gpxtpx:hr>153</gpxtpx:hr>
      </gpxtpx:TrackPointExtension>
    </extensions>
  </trkpt>
  <trkpt lat="51.6189801" lon="-0.1279297">
    <ele>18.1</ele>
    <time>2024-01-15T08:04:15Z</time>
    <extensions>
      <gpxtpx:TrackPointExtension>
        <gpxtpx:hr>151</gpxtpx:hr>
      </gpxtpx:TrackPointExtension>
    </extensions>
  </trkpt>
  <trkpt lat="51.6190954" lon="-0.1279412">
    <ele>18.3</ele>
    <time>2024-01-15T08:04:20Z</time>
    <extensions>
      <gpxtpx:TrackPointExtension>
        <gpxtpx:hr>152</gpxtpx:hr>
      </gpxtpx:TrackPointExtension>
    </extensions>
  </trkpt>
  <trkpt lat="51.6192100" lon="-0.1279501">
    <ele>18.9</ele>
    <time>2024-01-15T08:04:25Z</time>
    <extensions>
      <gpxtpx:TrackPointExtension>
        <gpxtpx:hr>147</gpxtpx:hr>
      </gpxtpx:TrackPointExtension>
    </extensions>
  </trkpt>
  <trkpt lat="51.6193452" lon="-0.1279206">
    <ele>18.2</ele>
    <time>2024-01-15T08:04:30Z</time>
    <extensions>
      <gpxtpx:TrackPointExtension>
        <gpxtpx:hr>145</gpxtpx:hr>
      </gpxtpx:TrackPointExtension>
    </extensions>
  </trkpt>
  <trkpt lat="51.6194612" lon="-0.1278795">
    <ele>18.7</ele>
    <time>2024-01-15T08:04:35Z</time>
    <extensions>
      <gpxtpx:TrackPointExtension>
        <gpxtpx:hr>144</gpxtpx:hr>
      </gpxtpx:TrackPointExtension>
    </extensions>
  </trkpt>
  <trkpt lat="51.6195810" lon="-0.1278670">
    <ele>19.1</ele>
    <time>2024-01-15T08:04:40Z</time>
    <extensions>
      <gpxtpx:TrackPointExtension>
        <gpxtpx:hr>143</gpxtpx:hr>
      </gpxtpx:TrackPointExtension>
    </extensions>
  </trkpt>
  <trkpt lat="51.6197080" lon="-0.1278561">
    <ele>18.6</ele>
    <time>2024-01-15T08:04:45Z</time>
    <extensions>
      <gpxtpx:TrackPointExtension>
        <gpxtpx:hr>142</gpxtpx:hr>
      </gpxtpx:TrackPointExtension>
    </extensions>
  </trkpt>
  <trkpt lat="51.6198293" lon="-0.1278590">
    <ele>19.2</ele>
    <time>2024-01-15T08:04:50Z</time>
    <extensions>
      <gpxtpx:TrackPointExtension>
        <gpxtpx:hr>141</gpxtpx:hr>
      </gpxtpx:TrackPointExtension>
    </extensions>
  </trkpt>
  <trkpt lat="51.6199530" lon="-0.1278766">
    <ele>19.0</ele>
    <time>2024-01-15T08:04:55Z</time>
    <extensions>
      <gpxtpx:TrackPointExtension>
        <gpxtpx:hr>143</gpxtpx:hr>
      </gpxtpx:TrackPointExtension>
    </extensions>
  </trkpt>
  <trkpt lat="51.6200708" lon="-0.1278800">
    <ele>19.8</ele>
    <time>2024-01-15T08:05:00Z</time>
    <extensions>
      <gpxtpx:TrackPointExtension>
        <gpxtpx:hr>142</gpxtpx:hr>
      </gpxtpx:TrackPointExtension>
    </extensions>
  </trkpt>
  <trkpt lat="51.6201894" lon="-0.1278637">
    <ele>19.8</ele>
    <time>2024-01-15T08:05:05Z</time>
    <extensions>
      <gpxtpx:TrackPointExtension>
        <gpxtpx:hr>140</gpxtpx:hr>
      </gpxtpx:TrackPointExtension>
    </extensions>
  </trkpt>
  <trkpt lat="51.6203061" lon="-0.1278670">
    <ele>19.8</ele>
    <time>2024-01-15T08:05:10Z</time>
    <extensions>
      <gpxtpx:TrackPointExtension>
        <gpxtpx:hr>140</gpxtpx:hr>
      </gpxtpx:TrackPointExtension>
    </extensions>
  </trkpt>
  <trkpt lat="51.6204283" lon="-0.1278861">
    <ele>19.9</ele>
    <time>2024-01-15T08:05:15Z</time>
    <extensions>
      <gpxtpx:TrackPointExtension>
        <gpxtpx:hr>141</gpxtpx:hr>
      </gpxtpx:TrackPointExtension>
    </extensions>
  </trkpt>
  <trkpt lat="51.6205458" lon="-0.1278739">
    <ele>19.3</ele>
    <time>2024-01-15T08:05:20Z</time>
    <extensions>
      <gpxtpx:TrackPointExtension>
        <gpxtpx:hr>140</gpxtpx:hr>
      </gpxtpx:TrackPointExtension>
    </extensions>
  </trkpt>
  <trkpt lat="51.6206604" lon="-0.1278762">
    <ele>19.8</ele>
    <time>2024-01-15T08:05:25Z</time>
    <extensions>
      <gpxtpx:TrackPointExtension>
        <gpxtpx:hr>140</gpxtpx:hr>
      </gpxtpx:TrackPointExtension>
    </extensions>
  </trkpt>
  <trkpt lat="51.6207771" lon="-0.1278547">
    <ele>20.1</ele>
    <time>2024-01-15T08:05:30Z</time>
    <extensions>
      <gpxtpx:TrackPointExtension>
        <gpxtpx:hr>140</gpxtpx:hr>
      </gpxtpx:TrackPointExtension>
    </extensions>
  </trkpt>
  <trkpt lat="51.6208907" lon="-0.1278619">
    <ele>20.3</ele>
    <time>2024-01-15T08:05:35Z</time>
    <extensions>
      <gpxtpx:TrackPointExtension>
        <gpxtpx:hr>140</gpxtpx:hr>
      </gpxtpx:TrackPointExtension>
    </extensions>
  </trkpt>
  <trkpt lat="51.6210043" lon="-0.1278748">
    <ele>20.7</ele>
    <time>2024-01-15T08:05:40Z</time>
    <extensions>
      <gpxtpx:TrackPointExtension>
        <gpxtpx:hr>138</gpxtpx:hr>
      </gpxtpx:TrackPointExtension>
    </extensions>
  </trkpt>
  <trkpt lat="51.6211184" lon="-0.1278631">
    <ele>20.1</ele>
    <time>2024-01-15T08:05:45Z</time>
    <extensions>
      <gpxtpx:TrackPointExtension>
        <gpxtpx:hr>139</gpxtpx:hr>
      </gpxtpx:TrackPointExtension>
    </extensions>
  </trkpt>
  <trkpt lat="51.6212333" lon="-0.1279002">
    <ele>20.4</ele>
    <time>2024-01-15T08:05:50Z</time>
    <extensions>
      <gpxtpx:TrackPointExtension>
        <gpxtpx:hr>139</gpxtpx:hr>
      </gpxtpx:TrackPointExtension>
    </extensions>
  </trkpt>
  <trkpt lat="51.6213463" lon="-0.1278870">
    <ele>20.8</ele>
    <time>2024-01-15T08:05:55Z</time>
    <extensions>
      <gpxtpx:TrackPointExtension>
        <gpxtpx:hr>138</gpxtpx:hr>
      </gpxtpx:TrackPointExtension>
    </extensions>
  </trkpt>
  <trkpt lat="51.6214557" lon="-0.1279161">
    <ele>21.0</ele>
    <time>2024-01-15T08:06:00Z</time>
    <extensions>
      <gpxtpx:TrackPointExtension>
        <gpxtpx:hr>137</gpxtpx:hr>
      </gpxtpx:TrackPointExtension>
    </extensions>
  </trkpt>
  <trkpt lat="51.6215663" lon="-0.1279455">
    <ele>21.4</ele>
    <time>2024-01-15T08:06:05Z</time>
    <extensions>
      <gpxtpx:TrackPointExtension>
        <gpxtpx:hr>136</gpxtpx:hr>
      </gpxtpx:TrackPointExtension>
    </extensions>
  </trkpt>
  <trkpt lat="51.6216750" lon="-0.1279590">
    <ele>21.7</ele>
    <time>2024-01-15T08:06:10Z</time>
    <extensions>
      <gpxtpx:TrackPointExtension>
        <gpxtpx:hr>135</gpxtpx:hr>
      </gpxtpx:TrackPointExtension>
    </extensions>
  </trkpt>
  <trkpt lat="51.6217986" lon="-0.1279599">
    <ele>21.4</ele>
    <time>2024-01-15T08:06:15Z</time>
    <extensions>
      <gpxtpx:TrackPointExtension>
        <gpxtpx:hr>134</gpxtpx:hr>
      </gpxtpx:TrackPointExtension>
    </extensions>
  </trkpt>
  <trkpt lat="51.6219193" lon="-0.1279412">
    <ele>22.0</ele>
    <time>2024-01-15T08:06:20Z</time>
    <extensions>
      <gpxtpx:TrackPointExtension>
        <gpxtpx:hr>134</gpxtpx:hr>
      </gpxtpx:TrackPointExtension>
    </extensions>
  </trkpt>
  <trkpt lat="51.6220392" lon="-0.1279505">
    <ele>22.1</ele>
    <time>2024-01-15T08:06:25Z</time>
    <extensions>
      <gpxtpx:TrackPointExtension>
        <gpxtpx:hr>134</gpxtpx:hr>
      </gpxtpx:TrackPointExtension>
    </extensions>
  </trkpt>
  <trkpt lat="51.6221547" lon="-0.1279789">
    <ele>22.0</ele>
    <time>2024-01-15T08:06:30Z</time>
    <extensions>
      <gpxtpx:TrackPointExtension>
        <gpxtpx:hr>133</gpxtpx:hr>
      </gpxtpx:TrackPointExtension>
    </extensions>
  </trkpt>
  <trkpt lat="51.6222667" lon="-0.1279588">
    <ele>21.7</ele>
    <time>2024-01-15T08:06:35Z</time>
    <extensions>
      <gpxtpx:TrackPointExtension>
        <gpxtpx:hr>134</gpxtpx:hr>
      </gpxtpx:TrackPointExtension>
    </extensions>
  </trkpt>
  <trkpt lat="51.6223873" lon="-0.1279822">
    <ele>22.2</ele>
    <time>2024-01-15T08:06:40Z</time>
    <extensions>
      <gpxtpx:TrackPointExtension>
        <gpxtpx:hr>133</gpxtpx:hr>
      </gpxtpx:TrackPointExtension>
    </extensions>
  </trkpt>
  <trkpt lat="51.6224942" lon="-0.1279784">
    <ele>22.0</ele>
    <time>2024-01-15T08:06:45Z</time>
    <extensions>
      <gpxtpx:TrackPointExtension>
        <gpxtpx:hr>132</gpxtpx:hr>
      </gpxtpx:TrackPointExtension>
    </extensions>
  </trkpt>
  <trkpt lat="51.6226035" lon="-0.1279918">
    <ele>22.1</ele>
    <time>2024-01-15T08:06:50Z</time>
    <extensions>
      <gpxtpx:TrackPointExtension>
        <gpxtpx:hr>131</gpxtpx:hr>
      </gpxtpx:TrackPointExtension>
    </extensions>
  </trkpt>
  <trkpt lat="51.6227192" lon="-0.1279581">
    <ele>23.0</ele>
    <time>2024-01-15T08:06:55Z</time>
    <extensions>
      <gpxtpx:TrackPointExtension>
        <gpxtpx:hr>130</gpxtpx:hr>
      </gpxtpx:TrackPointExtension>
    </extensions>
  </trkpt>
  <trkpt lat="51.6228383" lon="-0.1279739">
    <ele>22.6</ele>
    <time>2024-01-15T08:07:00Z</time>
    <extensions>
      <gpxtpx:TrackPointExtension>
        <gpxtpx:hr>129</gpxtpx:hr>
      </gpxtpx:TrackPointExtension>
    </extensions>
  </trkpt>
  <trkpt lat="51.6229539" lon="-0.1279530">
    <ele>22.0</ele>
    <time>2024-01-15T08:07:05Z</time>
    <extensions>
      <gpxtpx:TrackPointExtension>
        <gpxtpx:hr>128</gpxtpx:hr>
      </gpxtpx:TrackPointExtension>
    </extensions>
  </trkpt>
  <trkpt lat="51.6230714" lon="-0.1279477">
    <ele>22.6</ele>
    <time>2024-01-15T08:07:10Z</time>
    <extensions>
      <gpxtpx:TrackPointExtension>
        <gpxtpx:hr>126</gpxtpx:hr>
      </gpxtpx:TrackPointExtension>
    </extensions>
  </trkpt>
  <trkpt lat="51.6231841" lon="-0.1279624">
    <ele>22.4</ele>
    <time>2024-01-15T08:07:15Z</time>
    <extensions>
      <gpxtpx:TrackPointExtension>
        <gpxtpx:hr>125</gpxtpx:hr>
      </gpxtpx:TrackPointExtension>
    </extensions>
  </trkpt>
  <trkpt lat="51.6233004" lon="-0.1279538">
    <ele>23.2</ele>
    <time>2024-01-15T08:07:20Z</time>
    <extensions>
      <gpxtpx:TrackPointExtension>
        <gpxtpx:hr>128</gpxtpx:hr>
      </gpxtpx:TrackPointExtension>
    </extensions>
  </trkpt>
  <trkpt lat="51.6234230" lon="-0.1279842">
    <ele>23.4</ele>
    <time>2024-01-15T08:07:25Z</time>
    <extensions>
      <gpxtpx:TrackPointExtension>
        <gpxtpx:hr>127</gpxtpx:hr>
      </gpxtpx:TrackPointExtension>
    </extensions>
  </trkpt>
  <trkpt lat="51.6235351" lon="-0.1279937">
    <ele>23.4</ele>
    <time>2024-01-15T08:07:30Z</time>
    <extensions>
      <gpxtpx:TrackPointExtension>
        <gpxtpx:hr>128</gpxtpx:hr>
      </gpxtpx:TrackPointExtension>
    </extensions>
  </trkpt>
  <trkpt lat="51.6236433" lon="-0.1280123">
    <ele>22.7</ele>
    <time>2024-01-15T08:07:35Z</time>
    <extensions>
      <gpxtpx:TrackPointExtension>
        <gpxtpx:hr>128</gpxtpx:hr>
      </gpxtpx:TrackPointExtension>
    </extensions>
  </trkpt>
  <trkpt lat="51.6237633" lon="-0.1280370">
    <ele>22.8</ele>
    <time>2024-01-15T08:07:40Z</time>
    <extensions>
      <gpxtpx:TrackPointExtension>
        <gpxtpx:hr>128</gpxtpx:hr>
      </gpxtpx:TrackPointExtension>
    </extensions>
  </trkpt>
  <trkpt lat="51.6238748" lon="-0.1280372">
    <ele>23.5</ele>
    <time>2024-01-15T08:07:45Z</time>
    <extensions>
      <gpxtpx:TrackPointExtension>
        <gpxtpx:hr>127</gpxtpx:hr>
      </gpxtpx:TrackPointExtension>
    </extensions>
  </trkpt>
  <trkpt lat="51.6239827" lon="-0.1280312">
    <ele>23.3</ele>
    <time>2024-01-15T08:07:50Z</time>
    <extensions>
      <gpxtpx:TrackPointExtension>
        <gpxtpx:hr>126</gpxtpx:hr>
      </gpxtpx:TrackPointExtension>
    </extensions>
  </trkpt>
  <trkpt lat="51.6240987" lon="-0.1280443">
    <ele>23.4</ele>
    <time>2024-01-15T08:07:55Z</time>
    <extensions>
      <gpxtpx:TrackPointExtension>
        <gpxtpx:hr>124</gpxtpx:hr>
      </gpxtpx:TrackPointExtension>
    </extensions>
  </trkpt>
  <trkpt lat="51.6242080" lon="-0.1280589">
    <ele>23.6</ele>
    <time>2024-01-15T08:08:00Z</time>
    <extensions>
      <gpxtpx:TrackPointExtension>
        <gpxtpx:hr>122</gpxtpx:hr>
      </gpxtpx:TrackPointExtension>
    </extensions>
  </trkpt>
  <trkpt lat="51.6243179" lon="-0.1280894">
    <ele>23.8</ele>
    <time>2024-01-15T08:08:05Z</time>
    <extensions>
      <gpxtpx:TrackPointExtension>
        <gpxtpx:hr>123</gpxtpx:hr>
      </gpxtpx:TrackPointExtension>
    </extensions>
  </trkpt>
  <trkpt lat="51.6244306" lon="-0.1280793">
    <ele>23.3</ele>
    <time>2024-01-15T08:08:10Z</time>
    <extensions>
      <gpxtpx:TrackPointExtension>
        <gpxtpx:hr>123</gpxtpx:hr>
      </gpxtpx:TrackPointExtension>
    </extensions>
  </trkpt>
  <trkpt lat="51.6245429" lon="-0.1280543">
    <ele>23.9</ele>
    <time>2024-01-15T08:08:15Z</time>
    <extensions>
      <gpxtpx:TrackPointExtension>
        <gpxtpx:hr>123</gpxtpx:hr>
      </gpxtpx:TrackPointExtension>
    </extensions>
  </trkpt>
  <trkpt lat="51.6246640" lon="-0.1280289">
    <ele>24.4</ele>
    <time>2024-01-15T08:08:20Z</time>
    <extensions>
      <gpxtpx:TrackPointExtension>
        <gpxtpx:hr>123</gpxtpx:hr>
      </gpxtpx:TrackPointExtension>
    </extensions>
  </trkpt>
  <trkpt lat="51.6247816" lon="-0.1280161">
    <ele>24.6</ele>
    <time>2024-01-15T08:08:25Z</time>
    <extensions>
      <gpxtpx:TrackPointExtension>
        <gpxtpx:hr>123</gpxtpx:hr>
      </gpxtpx:TrackPointExtension>
    </extensions>
  </trkpt>
  <trkpt lat="51.6249087" lon="-0.1280085">
    <ele>23.7</ele>
    <time>2024-01-15T08:08:30Z</time>
    <extensions>
      <gpxtpx:TrackPointExtension>
        <gpxtpx:hr>121</gpxtpx:hr>
      </gpxtpx:TrackPointExtension>
    </extensions>
  </trkpt>
  <trkpt lat="51.6250149" lon="-0.1279930">
    <ele>24.1</ele>
    <time>2024-01-15T08:08:35Z</time>
    <extensions>
      <gpxtpx:TrackPointExtension>
        <gpxtpx:hr>119</gpxtpx:hr>
      </gpxtpx:TrackPointExtension>
    </extensions>
  </trkpt>
  <trkpt lat="51.6251338" lon="-0.1279821">
    <ele>24.4</ele>
    <time>2024-01-15T08:08:40Z</time>
    <extensions>
      <gpxtpx:TrackPointExtension>
        <gpxtpx:hr>122</gpxtpx:hr>
      </gpxtpx:TrackPointExtension>
    </extensions>
  </trkpt>
  <trkpt lat="51.6252470" lon="-0.1279728">
    <ele>24.5</ele>
    <time>2024-01-15T08:08:45Z</time>
    <extensions>
      <gpxtpx:TrackPointExtension>
        <gpxtpx:hr>121</gpxtpx:hr>
      </gpxtpx:TrackPointExtension>
    </extensions>
  </trkpt>
  <trkpt lat="51.6253578" lon="-0.1279837">
    <ele>24.8</ele>
    <time>2024-01-15T08:08:50Z</time>
    <extensions>
      <gpxtpx:TrackPointExtension>
        <gpxtpx:hr>121</gpxtpx:hr>
      </gpxtpx:TrackPointExtension>
    </extensions>
  </trkpt>
  <trkpt lat="51.6254722" lon="-0.1280047">
    <ele>24.3</ele>
    <time>2024-01-15T08:08:55Z</time>
    <extensions>
      <gpxtpx:TrackPointExtension>
        <gpxtpx:hr>121</gpxtpx:hr>
      </gpxtpx:TrackPointExtension>
    </extensions>
  </trkpt>
  <trkpt lat="51.6255881" lon="-0.1280060">
    <ele>25.0</ele>
    <time>2024-01-15T08:09:00Z</time>
    <extensions>
      <gpxtpx:TrackPointExtension>
        <gpxtpx:hr>121</gpxtpx:hr>
      </gpxtpx:TrackPointExtension>
    </extensions>
  </trkpt>
  <trkpt lat="51.6256993" lon="-0.1279795">
    <ele>24.6</ele>
    <time>2024-01-15T08:09:05Z</time>
    <extensions>
      <gpxtpx:TrackPointExtension>
        <gpxtpx:hr>120</gpxtpx:hr>
      </gpxtpx:TrackPointExtension>
    </extensions>
  </trkpt>
  <trkpt lat="51.6258088" lon="-0.1279667">
    <ele>24.3</ele>
    <time>2024-01-15T08:09:10Z</time>
    <extensions>
      <gpxtpx:TrackPointExtension>
        <gpxtpx:hr>119</gpxtpx:hr>
      </gpxtpx:TrackPointExtension>
    </extensions>
  </trkpt>
  <trkpt lat="51.6259194" lon="-0.1279704">
    <ele>24.7</ele>
    <time>2024-01-15T08:09:15Z</time>
    <extensions>
      <gpxtpx:TrackPointExtension>
        <gpxtpx:hr>121</gpxtpx:hr>
      </gpxtpx:TrackPointExtension>
    </extensions>
  </trkpt>
  <trkpt lat="51.6260356" lon="-0.1279682">
    <ele>25.2</ele>
    <time>2024-01-15T08:09:20Z</time>
    <extensions>
      <gpxtpx:TrackPointExtension>
        <gpxtpx:hr>120</gpxtpx:hr>
      </gpxtpx:TrackPointExtension>
    </extensions>
  </trkpt>
  <trkpt lat="51.6261482" lon="-0.1279428">
    <ele>24.5</ele>
    <time>2024-01-15T08:09:25Z</time>
    <extensions>
      <gpxtpx:TrackPointExtension>
        <gpxtpx:hr>120</gpxtpx:hr>
      </gpxtpx:TrackPointExtension>
    </extensions>
  </trkpt>
  <trkpt lat="51.6262655" lon="-0.1279591">
    <ele>25.0</ele>
    <time>2024-01-15T08:09:30Z</time>
    <extensions>
      <gpxtpx:TrackPointExtension>
        <gpxtpx:hr>121</gpxtpx:hr>
      </gpxtpx:TrackPointExtension>
    </extensions>
  </trkpt>
  <trkpt lat="51.6263838" lon="-0.1279652">
    <ele>24.6</ele>
    <time>2024-01-15T08:09:35Z</time>
    <extensions>
      <gpxtpx:TrackPointExtension>
        <gpxtpx:hr>122</gpxtpx:hr>
      </gpxtpx:TrackPointExtension>
    </extensions>
  </trkpt>
  <trkpt lat="51.6265015" lon="-0.1279356">
    <ele>24.7</ele>
    <time>2024-01-15T08:09:40Z</time>
    <extensions>
      <gpxtpx:TrackPointExtension>
        <gpxtpx:hr>122</gpxtpx:hr>
      </gpxtpx:TrackPointExtension>
    </extensions>
  </trkpt>
  <trkpt lat="51.6266050" lon="-0.1279710">
    <ele>25.4</ele>
    <time>2024-01-15T08:09:45Z</time>
    <extensions>
      <gpxtpx:TrackPointExtension>
        <gpxtpx:hr>121</gpxtpx:hr>
      </gpxtpx:TrackPointExtension>
    </extensions>
  </trkpt>
  <trkpt lat="51.6267227" lon="-0.1279616">
    <ele>24.7</ele>
    <time>2024-01-15T08:09:50Z</time>
    <extensions>
      <gpxtpx:TrackPointExtension>
        <gpxtpx:hr>123</gpxtpx:hr>
      </gpxtpx:TrackPointExtension>
    </extensions>
  </trkpt>
  <trkpt lat="51.6268415" lon="-0.1279537">
    <ele>24.8</ele>
    <time>2024-01-15T08:09:55Z</time>
    <extensions>
      <gpxtpx:TrackPointExtension>
        <gpxtpx:hr>123</gpxtpx:hr>
      </gpxtpx:TrackPointExtension>
    </extensions>
  </trkpt>
  <trkpt lat="51.6269577" lon="-0.1279786">
    <ele>25.2</ele>
    <time>2024-01-15T08:10:00Z</time>
    <extensions>
      <gpxtpx:TrackPointExtension>
        <gpxtpx:hr>124</gpxtpx:hr>
      </gpxtpx:TrackPointExtension>
    </extensions>
  </trkpt>
  <trkpt lat="51.6270741" lon="-0.1279828">
    <ele>24.8</ele>
    <time>2024-01-15T08:10:05Z</time>
    <extensions>
      <gpxtpx:TrackPointExtension>
        <gpxtpx:hr>125</gpxtpx:hr>
      </gpxtpx:TrackPointExtension>
    </extensions>
  </trkpt>
  <trkpt lat="51.6271912" lon="-0.1279840">
    <ele>25.0</ele>
    <time>2024-01-15T08:10:10Z</time>
    <extensions>
      <gpxtpx:TrackPointExtension>
        <gpxtpx:hr>126</gpxtpx:hr>
      </gpxtpx:TrackPointExtension>
    </extensions>
  </trkpt>
  <trkpt lat="51.6273073" lon="-0.1279871">
    <ele>24.7</ele>
    <time>2024-01-15T08:10:15Z</time>
    <extensions>
      <gpxtpx:TrackPointExtension>
        <gpxtpx:hr>126</gpxtpx:hr>
      </gpxtpx:TrackPointExtension>
    </extensions>
  </trkpt>
  <trkpt lat="51.6274280" lon="-0.1279704">
    <ele>25.0</ele>
    <time>2024-01-15T08:10:20Z</time>
    <extensions>
      <gpxtpx:TrackPointExtension>
        <gpxtpx:hr>125</gpxtpx:hr>
      </gpxtpx:TrackPointExtension>
    </extensions>
  </trkpt>
  <trkpt lat="51.6275460" lon="-0.1279957">
    <ele>25.4</ele>
    <time>2024-01-15T08:10:25Z</time>
    <extensions>
      <gpxtpx:TrackPointExtension>
        <gpxtpx:hr>125</gpxtpx:hr>
      </gpxtpx:TrackPointExtension>
    </extensions>
  </trkpt>
  <trkpt lat="51.6276638" lon="-0.1280085">
    <ele>24.9</ele>
    <time>2024-01-15T08:10:30Z</time>
    <extensions>
      <gpxtpx:TrackPointExtension>
        <gpxtpx:hr>124</gpxtpx:hr>
      </gpxtpx:TrackPointExtension>
    </extensions>
  </trkpt>
  <trkpt lat="51.6277781" lon="-0.1280161">
    <ele>24.9</ele>
    <time>2024-01-15T08:10:35Z</time>
    <extensions>
      <gpxtpx:TrackPointExtension>
        <gpxtpx:hr>124</gpxtpx:hr>
      </gpxtpx:TrackPointExtension>
    </extensions>
  </trkpt>
  <trkpt lat="51.6278917" lon="-0.1280104">
    <ele>25.2</ele>
    <time>2024-01-15T08:10:40Z</time>
    <extensions>
      <gpxtpx:TrackPointExtension>
        <gpxtpx:hr>124</gpxtpx:hr>
      </gpxtpx:TrackPointExtension>
    </extensions>
  </trkpt>
  <trkpt lat="51.6280078" lon="-0.1279877">
    <ele>25.4</ele>
    <time>2024-01-15T08:10:45Z</time>
    <extensions>
      <gpxtpx:TrackPointExtension>
        <gpxtpx:hr>125</gpxtpx:hr>
      </gpxtpx:TrackPointExtension>
    </extensions>
  </trkpt>
  <trkpt lat="51.6281237" lon="-0.1279826">
    <ele>25.0</ele>
    <time>2024-01-15T08:10:50Z</time>
    <extensions>
      <gpxtpx:TrackPointExtension>
        <gpxtpx:hr>124</gpxtpx:hr>
      </gpxtpx:TrackPointExtension>
    </extensions>
  </trkpt>
  <trkpt lat="51.6282350" lon="-0.1279892">
    <ele>25.0</ele>
    <time>2024-01-15T08:10:55Z</time>
    <extensions>
      <gpxtpx:TrackPointExtension>
        <gpxtpx:hr>126</gpxtpx:hr>
      </gpxtpx:TrackPointExtension>
    </extensions>
  </trkpt>
  <trkpt lat="51.6283426" lon="-0.1280074">
    <ele>24.8</ele>
    <time>2024-01-15T08:11:00Z</time>
    <extensions>
      <gpxtpx:TrackPointExtension>
        <gpxtpx:hr>126</gpxtpx:hr>
      </gpxtpx:TrackPointExtension>
    </extensions>
  </trkpt>
  <trkpt lat="51.6284530" lon="-0.1279959">
    <ele>24.8</ele>
    <time>2024-01-15T08:11:05Z</time>
    <extensions>
      <gpxtpx:TrackPointExtension>
        <gpxtpx:hr>125</gpxtpx:hr>
      </gpxtpx:TrackPointExtension>
    </extensions>
  </trkpt>
  <trkpt lat="51.6285686" lon="-0.1279824">
    <ele>24.9</ele>
    <time>2024-01-15T08:11:10Z</time>
    <extensions>
      <gpxtpx:TrackPointExtension>
        <gpxtpx:hr>126</gpxtpx:hr>
      </gpxtpx:TrackPointExtension>
    </extensions>
  </trkpt>
  <trkpt lat="51.6286865" lon="-0.1279805">
    <ele>25.0</ele>
    <time>2024-01-15T08:11:15Z</time>
    <extensions>
      <gpxtpx:TrackPointExtension>
        <gpxtpx:hr>126</gpxtpx:hr>
      </gpxtpx:TrackPointExtension>
    </extensions>
  </trkpt>
  <trkpt lat="51.6288045" lon="-0.1279474">
    <ele>25.3</ele>
    <time>2024-01-15T08:11:20Z</time>
    <extensions>
      <gpxtpx:TrackPointExtension>
        <gpxtpx:hr>125</gpxtpx:hr>
      </gpxtpx:TrackPointExtension>
    </extensions>
  </trkpt>
  <trkpt lat="51.6289130" lon="-0.1279309">
    <ele>25.0</ele>
    <time>2024-01-15T08:11:25Z</time>
    <extensions>
      <gpxtpx:TrackPointExtension>
        <gpxtpx:hr>127</gpxtpx:hr>
      </gpxtpx:TrackPointExtension>
    </extensions>
  </trkpt>
  <trkpt lat="51.6290302" lon="-0.1279407">
    <ele>25.0</ele>
    <time>2024-01-15T08:11:30Z</time>
    <extensions>
      <gpxtpx:TrackPointExtension>
        <gpxtpx:hr>126</gpxtpx:hr>
      </gpxtpx:TrackPointExtension>
    </extensions>
  </trkpt>
  <trkpt lat="51.6291542" lon="-0.1279692">
    <ele>25.0</ele>
    <time>2024-01-15T08:11:35Z</time>
    <extensions>
      <gpxtpx:TrackPointExtension>
        <gpxtpx:hr>128</gpxtpx:hr>
      </gpxtpx:TrackPointExtension>
    </extensions>
  </trkpt>
  <trkpt lat="51.6292676" lon="-0.1279523">
    <ele>24.6</ele>
    <time>2024-01-15T08:11:40Z</time>
    <extensions>
      <gpxtpx:TrackPointExtension>
        <gpxtpx:hr>128</gpxtpx:hr>
      </gpxtpx:TrackPointExtension>
    </extensions>
  </trkpt>
  <trkpt lat="51.6293914" lon="-0.1279267">
    <ele>24.2</ele>
    <time>2024-01-15T08:11:45Z</time>
    <extensions>
      <gpxtpx:TrackPointExtension>
        <gpxtpx:hr>128</gpxtpx:hr>
      </gpxtpx:TrackPointExtension>
    </extensions>
  </trkpt>
  <trkpt lat="51.6295062" lon="-0.1279354">
    <ele>24.5</ele>
    <time>2024-01-15T08:11:50Z</time>
    <extensions>
      <gpxtpx:TrackPointExtension>
        <gpxtpx:hr>128</gpxtpx:hr>
      </gpxtpx:TrackPointExtension>
    </extensions>
  </trkpt>
  <trkpt lat="51.6296188" lon="-0.1279391">
    <ele>24.7</ele>
    <time>2024-01-15T08:11:55Z</time>
    <extensions>
      <gpxtpx:TrackPointExtension>
        <gpxtpx:hr>126</gpxtpx:hr>
      </gpxtpx:TrackPointExtension>
    </extensions>
  </trkpt>
  <trkpt lat="51.6297318" lon="-0.1279651">
    <ele>24.8</ele>
    <time>2024-01-15T08:12:00Z</time>
    <extensions>
      <gpxtpx:TrackPointExtension>
        <gpxtpx:hr>127</gpxtpx:hr>
      </gpxtpx:TrackPointExtension>
    </extensions>
  </trkpt>
  <trkpt lat="51.6298481" lon="-0.1279616">
    <ele>23.9</ele>
    <time>2024-01-15T08:12:05Z</time>
    <extensions>
      <gpxtpx:TrackPointExtension>
        <gpxtpx:hr>126</gpxtpx:hr>
      </gpxtpx:TrackPointExtension>
    </extensions>
  </trkpt>
  <trkpt lat="51.6299609" lon="-0.1279632">
    <ele>24.3</ele>
    <time>2024-01-15T08:12:10Z</time>
    <extensions>
      <gpxtpx:TrackPointExtension>
        <gpxtpx:hr>126</gpxtpx:hr>
      </gpxtpx:TrackPointExtension>
    </extensions>
  </trkpt>
  <trkpt lat="51.6300778" lon="-0.1279601">
    <ele>24.6</ele>
    <time>2024-01-15T08:12:15Z</time>
    <extensions>
      <gpxtpx:TrackPointExtension>
        <gpxtpx:hr>126</gpxtpx:hr>
      </gpxtpx:TrackPointExtension>
    </extensions>
  </trkpt>
  <trkpt lat="51.6301956" lon="-0.1279875">
    <ele>23.9</ele>
    <time>2024-01-15T08:12:20Z</time>
    <extensions>
      <gpxtpx:TrackPointExtension>
        <gpxtpx:hr>126</gpxtpx:hr>
      </gpxtpx:TrackPointExtension>
    </extensions>
  </trkpt>
  <trkpt lat="51.6303264" lon="-0.1280106">
    <ele>23.9</ele>
    <time>2024-01-15T08:12:25Z</time>
    <extensions>
      <gpxtpx:TrackPointExtension>
        <gpxtpx:hr>125</gpxtpx:hr>
      </gpxtpx:TrackPointExtension>
    </extensions>
  </trkpt>
  <trkpt lat="51.6304507" lon="-0.1280151">
    <ele>24.3</ele>
    <time>2024-01-15T08:12:30Z</time>
    <extensions>
      <gpxtpx:TrackPointExtension>
        <gpxtpx:hr>127</gpxtpx:hr>
      </gpxtpx:TrackPointExtension>
    </extensions>
  </trkpt>
  <trkpt lat="51.6305662" lon="-0.1279980">
    <ele>23.7</ele>
    <time>2024-01-15T08:12:35Z</time>
    <extensions>
      <gpxtpx:TrackPointExtension>
        <gpxtpx:hr>126</gpxtpx:hr>
      </gpxtpx:TrackPointExtension>
    </extensions>
  </trkpt>
  <trkpt lat="51.6306782" lon="-0.1280175">
    <ele>23.9</ele>
    <time>2024-01-15T08:12:40Z</time>
    <extensions>
      <gpxtpx:TrackPointExtension>
        <gpxtpx:hr>126</gpxtpx:hr>
      </gpxtpx:TrackPointExtension>
    </extensions>
  </trkpt>
  <trkpt lat="51.6307956" lon="-0.1280262">
    <ele>23.4</ele>
    <time>2024-01-15T08:12:45Z</time>
    <extensions>
      <gpxtpx:TrackPointExtension>
        <gpxtpx:hr>127</gpxtpx:hr>
      </gpxtpx:TrackPointExtension>
    </extensions>
  </trkpt>
  <trkpt lat="51.6309097" lon="-0.1280315">
    <ele>23.8</ele>
    <time>2024-01-15T08:12:50Z</time>
    <extensions>
      <gpxtpx:TrackPointExtension>
        <gpxtpx:hr>126</gpxtpx:hr>
      </gpxtpx:TrackPointExtension>
    </extensions>
  </trkpt>
  <trkpt lat="51.6310236" lon="-0.1280326">
    <ele>24.1</ele>
    <time>2024-01-15T08:12:55Z</time>
    <extensions>
      <gpxtpx:TrackPointExtension>
        <gpxtpx:hr>126</gpxtpx:hr>
      </gpxtpx:TrackPointExtension>
    </extensions>
  </trkpt>
  <trkpt lat="51.6311424" lon="-0.1280246">
    <ele>23.7</ele>
    <time>2024-01-15T08:13:00Z</time>
    <extensions>
      <gpxtpx:TrackPointExtension>
        <gpxtpx:hr>125</gpxtpx:hr>
      </gpxtpx:TrackPointExtension>
    </extensions>
  </trkpt>
  <trkpt lat="51.6312687" lon="-0.1280118">
    <ele>23.5</ele>
    <time>2024-01-15T08:13:05Z</time>
    <extensions>
      <gpxtpx:TrackPointExtension>
        <gpxtpx:hr>124</gpxtpx:hr>
      </gpxtpx:TrackPointExtension>
    </extensions>
  </trkpt>
  <trkpt lat="51.6313926" lon="-0.1280113">
    <ele>23.6</ele>
    <time>2024-01-15T08:13:10Z</time>
    <extensions>
      <gpxtpx:TrackPointExtension>
        <gpxtpx:hr>125</gpxtpx:hr>
      </gpxtpx:TrackPointExtension>
    </extensions>
  </trkpt>
  <trkpt lat="51.6315082" lon="-0.1280114">
    <ele>23.5</ele>
    <time>2024-01-15T08:13:15Z</time>
    <extensions>
      <gpxtpx:TrackPointExtension>
        <gpxtpx:hr>126</gpxtpx:hr>
      </gpxtpx:TrackPointExtension>
    </extensions>
  </trkpt>
  <trkpt lat="51.6316271" lon="-0.1280225">
    <ele>23.2</ele>
    <time>2024-01-15T08:13:20Z</time>
    <extensions>
      <gpxtpx:TrackPointExtension>
        <gpxtpx:hr>125</gpxtpx:hr>
      </gpxtpx:TrackPointExtension>
    </extensions>
  </trkpt>
  <trkpt lat="51.6317491" lon="-0.1280649">
    <ele>23.2</ele>
    <time>2024-01-15T08:13:25Z</time>
    <extensions>
      <gpxtpx:TrackPointExtension>
        <gpxtpx:hr>125</gpxtpx:hr>
      </gpxtpx:TrackPointExtension>
    </extensions>
  </trkpt>
  <trkpt lat="51.6318636" lon="-0.1280449">
    <ele>22.8</ele>
    <time>2024-01-15T08:13:30Z</time>
    <extensions>
      <gpxtpx:TrackPointExtension>
        <gpxtpx:hr>124</gpxtpx:hr>
      </gpxtpx:TrackPointExtension>
    </extensions>
  </trkpt>
  <trkpt lat="51.6319874" lon="-0.1280400">
    <ele>22.7</ele>
    <time>2024-01-15T08:13:35Z</time>
    <extensions>
      <gpxtpx:TrackPointExtension>
        <gpxtpx:hr>124</gpxtpx:hr>
      </gpxtpx:TrackPointExtension>
    </extensions>
  </trkpt>
  <trkpt lat="51.6321027" lon="-0.1280532">
    <ele>23.3</ele>
    <time>2024-01-15T08:13:40Z</time>
    <extensions>
      <gpxtpx:TrackPointExtension>
        <gpxtpx:hr>123</gpxtpx:hr>
      </gpxtpx:TrackPointExtension>
    </extensions>
  </trkpt>
  <trkpt lat="51.6322140" lon="-0.1280565">
    <ele>22.6</ele>
    <time>2024-01-15T08:13:45Z</time>
    <extensions>
      <gpxtpx:TrackPointExtension>
        <gpxtpx:hr>122</gpxtpx:hr>
      </gpxtpx:TrackPointExtension>
    </extensions>
  </trkpt>
  <trkpt lat="51.6323265" lon="-0.1280534">
    <ele>22.9</ele>
    <time>2024-01-15T08:13:50Z</time>
    <extensions>
      <gpxtpx:TrackPointExtension>
        <gpxtpx:hr>123</gpxtpx:hr>
      </gpxtpx:TrackPointExtension>
    </extensions>
  </trkpt>
  <trkpt lat="51.6324425" lon="-0.1280621">
    <ele>22.3</ele>
    <time>2024-01-15T08:13:55Z</time>
    <extensions>
      <gpxtpx:TrackPointExtension>
        <gpxtpx:hr>123</gpxtpx:hr>
      </gpxtpx:TrackPointExtension>
    </extensions>
  </trkpt>
  <trkpt lat="51.6325533" lon="-0.1280697">
    <ele>22.5</ele>
    <time>2024-01-15T08:14:00Z</time>
    <extensions>
      <gpxtpx:TrackPointExtension>
        <gpxtpx:hr>121</gpxtpx:hr>
      </gpxtpx:TrackPointExtension>
    </extensions>
  </trkpt>
  <trkpt lat="51.6326694" lon="-0.1280784">
    <ele>22.6</ele>
    <time>2024-01-15T08:14:05Z</time>
    <extensions>
      <gpxtpx:TrackPointExtension>
        <gpxtpx:hr>120</gpxtpx:hr>
      </gpxtpx:TrackPointExtension>
    </extensions>
  </trkpt>
  <trkpt lat="51.6327813" lon="-0.1280989">
    <ele>21.8</ele>
    <time>2024-01-15T08:14:10Z</time>
    <extensions>
      <gpxtpx:TrackPointExtension>
        <gpxtpx:hr>120</gpxtpx:hr>
      </gpxtpx:TrackPointExtension>
    </extensions>
  </trkpt>
  <trkpt lat="51.6329045" lon="-0.1281406">
    <ele>22.3</ele>
    <time>2024-01-15T08:14:15Z</time>
    <extensions>
      <gpxtpx:TrackPointExtension>
        <gpxtpx:hr>122</gpxtpx:hr>
      </gpxtpx:TrackPointExtension>
    </extensions>
  </trkpt>
  <trkpt lat="51.6330217" lon="-0.1281417">
    <ele>21.7</ele>
    <time>2024-01-15T08:14:20Z</time>
    <extensions>
      <gpxtpx:TrackPointExtension>
        <gpxtpx:hr>124</gpxtpx:hr>
      </gpxtpx:TrackPointExtension>
    </extensions>
  </trkpt>
  <trkpt lat="51.6331439" lon="-0.1281392">
    <ele>21.7</ele>
    <time>2024-01-15T08:14:25Z</time>
    <extensions>
      <gpxtpx:TrackPointExtension>
        <gpxtpx:hr>124</gpxtpx:hr>
      </gpxtpx:TrackPointExtension>
    </extensions>
  </trkpt>
  <trkpt lat="51.6332675" lon="-0.1281545">
    <ele>21.8</ele>
    <time>2024-01-15T08:14:30Z</time>
    <extensions>
      <gpxtpx:TrackPointExtension>
        <gpxtpx:hr>125</gpxtpx:hr>
      </gpxtpx:TrackPointExtension>
    </extensions>
  </trkpt>
  <trkpt lat="51.6333927" lon="-0.1281792">
    <ele>21.5</ele>
    <time>2024-01-15T08:14:35Z</time>
    <extensions>
      <gpxtpx:TrackPointExtension>
        <gpxtpx:hr>124</gpxtpx:hr>
      </gpxtpx:TrackPointExtension>
    </extensions>
  </trkpt>
  <trkpt lat="51.6334975" lon="-0.1281840">
    <ele>21.1</ele>
    <time>2024-01-15T08:14:40Z</time>
    <extensions>
      <gpxtpx:TrackPointExtension>
        <gpxtpx:hr>124</gpxtpx:hr>
      </gpxtpx:TrackPointExtension>
    </extensions>
  </trkpt>
  <trkpt lat="51.6336007" lon="-0.1281940">
    <ele>21.3</ele>
    <time>2024-01-15T08:14:45Z</time>
    <extensions>
      <gpxtpx:TrackPointExtension>
        <gpxtpx:hr>124</gpxtpx:hr>
      </gpxtpx:TrackPointExtension>
    </extensions>
  </trkpt>
  <trkpt lat="51.6337237" lon="-0.1281780">
    <ele>20.9</ele>
    <time>2024-01-15T08:14:50Z</time>
    <extensions>
      <gpxtpx:TrackPointExtension>
        <gpxtpx:hr>124</gpxtpx:hr>
      </gpxtpx:TrackPointExtension>
    </extensions>
  </trkpt>
  <trkpt lat="51.6338425" lon="-0.1282142">
    <ele>20.3</ele>
    <time>2024-01-15T08:14:55Z</time>
    <extensions>
      <gpxtpx:TrackPointExtension>
        <gpxtpx:hr>123</gpxtpx:hr>
      </gpxtpx:TrackPointExtension>
    </extensions>
  </trkpt>
  <trkpt lat="51.6339604" lon="-0.1282236">
    <ele>20.7</ele>
    <time>2024-01-15T08:15:00Z</time>
    <extensions>
      <gpxtpx:TrackPointExtension>
        <gpxtpx:hr>123</gpxtpx:hr>
      </gpxtpx:TrackPointExtension>
    </extensions>
  </trkpt>
  <trkpt lat="51.6340806" lon="-0.1281997">
    <ele>20.7</ele>
    <time>2024-01-15T08:15:05Z</time>
    <extensions>
      <gpxtpx:TrackPointExtension>
        <gpxtpx:hr>125</gpxtpx:hr>
      </gpxtpx:TrackPointExtension>
    </extensions>
  </trkpt>
  <trkpt lat="51.6341903" lon="-0.1282051">
    <ele>20.4</ele>
    <time>2024-01-15T08:15:10Z</time>
    <extensions>
      <gpxtpx:TrackPointExtension>
        <gpxtpx:hr>124</gpxtpx:hr>
      </gpxtpx:TrackPointExtension>
    </extensions>
  </trkpt>
  <trkpt lat="51.6343022" lon="-0.1281940">
    <ele>20.6</ele>
    <time>2024-01-15T08:15:15Z</time>
    <extensions>
      <gpxtpx:TrackPointExtension>
        <gpxtpx:hr>123</gpxtpx:hr>
      </gpxtpx:TrackPointExtension>
    </extensions>
  </trkpt>
  <trkpt lat="51.6344205" lon="-0.1282112">
    <ele>19.8</ele>
    <time>2024-01-15T08:15:20Z</time>
    <extensions>
      <gpxtpx:TrackPointExtension>
        <gpxtpx:hr>123</gpxtpx:hr>
      </gpxtpx:TrackPointExtension>
    </extensions>
  </trkpt>
  <trkpt lat="51.6345384" lon="-0.1281753">
    <ele>19.9</ele>
    <time>2024-01-15T08:15:25Z</time>
    <extensions>
      <gpxtpx:TrackPointExtension>
        <gpxtpx:hr>124</gpxtpx:hr>
      </gpxtpx:TrackPointExtension>
    </extensions>
  </trkpt>
  <trkpt lat="51.6346510" lon="-0.1281737">
    <ele>19.9</ele>
    <time>2024-01-15T08:15:30Z</time>
    <extensions>
      <gpxtpx:TrackPointExtension>
        <gpxtpx:hr>124</gpxtpx:hr>
      </gpxtpx:TrackPointExtension>
    </extensions>
  </trkpt>
  <trkpt lat="51.6347665" lon="-0.1281847">
    <ele>20.2</ele>
    <time>2024-01-15T08:15:35Z</time>
    <extensions>
      <gpxtpx:TrackPointExtension>
        <gpxtpx:hr>124</gpxtpx:hr>
      </gpxtpx:TrackPointExtension>
    </extensions>
  </trkpt>
  <trkpt lat="51.6348778" lon="-0.1282080">
    <ele>20.4</ele>
    <time>2024-01-15T08:15:40Z</time>
    <extensions>
      <gpxtpx:TrackPointExtension>
        <gpxtpx:hr>123</gpxtpx:hr>
      </gpxtpx:TrackPointExtension>
    </extensions>
  </trkpt>
  <trkpt lat="51.6349845" lon="-0.1282016">
    <ele>20.1</ele>
    <time>2024-01-15T08:15:45Z</time>
    <extensions>
      <gpxtpx:TrackPointExtension>
        <gpxtpx:hr>125</gpxtpx:hr>
      </gpxtpx:TrackPointExtension>
    </extensions>
  </trkpt>
  <trkpt lat="51.6351007" lon="-0.1282390">
    <ele>19.2</ele>
    <time>2024-01-15T08:15:50Z</time>
    <extensions>
      <gpxtpx:TrackPointExtension>
        <gpxtpx:hr>125</gpxtpx:hr>
      </gpxtpx:TrackPointExtension>
    </extensions>
  </trkpt>
  <trkpt lat="51.6352154" lon="-0.1282067">
    <ele>19.3</ele>
    <time>2024-01-15T08:15:55Z</time>
    <extensions>
      <gpxtpx:TrackPointExtension>
        <gpxtpx:hr>125</gpxtpx:hr>
      </gpxtpx:TrackPointExtension>
    </extensions>
  </trkpt>
</trkseg></trk></gpx>